Database,Keyword,Seed keyword,Page,Topic,Page type,Tags,Volume,Keyword Difficulty,CPC (USD),Competitive Density,Number of Results,Intent,SERP Features,Trend,Click potential,Content references,Competitors
us,luxury brand watch,luxury watch,,,,luxury watches,90,28,1.07,0.89,185,"Informational, Commercial","Adwords Bottom, People Also Ask, Related Searches, AI Overview, Knowledge Panel, Site Links, Video, Image, Video Carousel, Popular Products","0.01,0.01,0.00,0.01,0.01,0.01,0.00,0.01,0.00,0.00,0.20,0.00",20,,
us,high end watche,luxury watch,,,,luxury watches,50,24,1.34,1.00,203,Transactional,"Video, Image, Video Carousel, Popular Products, Related Searches, Site Links","0.29,0.64,0.41,0.64,1.00,0.23,0.05,0.05,0.11,0.00,0.11,0.05",20,,
us,high end wrist watch,luxury watch,,,,luxury watches,40,29,0.53,1.00,192,"Informational, Commercial","AI Overview, Local Pack, Site Links, Video, Image, Video Carousel, People Also Ask, Related Searches","0.09,0.09,0.33,0.33,0.33,0.33,0.23,0.14,0.09,0.09,0.09,0.09",20,,
us,luxury expensive watch,luxury watch,,,,luxury watches,40,21,1.21,0.98,338000000,"Informational, Commercial","Video Carousel, People Also Ask, Popular Products, Related Searches, AI Overview, Site Links, Video, Image","0.27,0.27,0.63,1.00,0.81,0.27,0.09,0.09,0.18,0.00,0.18,0.00",20,,
us,high end watch brand,luxury watch,,,,luxury watches,40,27,0.79,0.98,189,Informational,"AI Overview, Site Links, Video, Image, Video Carousel, People Also Ask, Related Searches","0.05,0.00,0.00,0.03,0.03,0.02,0.03,0.03,0.03,0.03,0.00,0.05",20,,
us,luxary watch brand,luxury watch,,,,luxury watches,50,29,1.07,0.89,182,"Informational, Commercial","People Also Ask, Popular Products, Related Searches, AI Overview, Site Links, Video, Image, Video Carousel","0.00,0.00,1.00,0.02,0.00,0.02,0.02,0.00,0.00,0.00,0.02,0.00",20,,
us,exclusive watch,luxury watch,,,,luxury watches,40,29,1.31,0.84,198,Informational,"Related Searches, Local Pack, Image Pack, Site Links, Video, Adwords Bottom, Video Carousel, People Also Ask","0.09,0.45,0.45,0.45,0.81,0.27,0.45,0.45,0.00,0.00,0.63,0.18",20,,
us,brands of luxury watches,luxury watch,,,,luxury watches,40,29,1.07,0.89,182,Informational,"Site Links, Video, Image, Video Carousel, People Also Ask, Related Searches, AI Overview","0.03,0.00,0.00,0.00,0.05,0.01,0.01,0.00,0.00,0.54,0.01,0.03",20,,
us,expensive watches for men brands,luxury watch,,,,luxury watches,70,23,0.69,1.00,188,"Informational, Commercial","Popular Products, Related Searches, AI Overview, Site Links, Video, Image, Video Carousel, People Also Ask","0.35,0.14,0.78,1.00,0.50,0.78,0.64,0.78,0.50,0.35,0.50,0.50",20,,
us,luxury watch on sale,luxury watch,,,,luxury watches,70,22,0.65,0.44,180,Transactional,"Video, Popular Products, Related Searches, Site Links, Reviews","0.00,0.01,0.01,0.00,0.00,0.04,0.01,0.00,0.00,0.03,0.07,0.00",20,,
us,exclusive watch brands,luxury watch,,,,luxury watches,40,24,1.47,1.00,186,"Informational, Commercial","Related Searches, Discussions And Forums, AI Overview, Site Links, Video, Image, Video Carousel, People Also Ask","1.00,1.00,0.28,0.42,0.28,0.57,0.42,0.28,0.57,0.28,0.42,0.28",20,,
us,fancy watch brand,luxury watch,,,,luxury watches,40,23,0.78,0.86,186,Informational,"Related Searches, Short Videos, AI Overview, Site Links, Video, Image, Video Carousel, People Also Ask","0.82,0.05,0.23,0.29,0.23,0.11,0.11,0.29,0.05,0.11,0.00,0.17",20,,
us,high end watched,luxury watch,,,,luxury watches,40,25,1.34,1.00,201,Informational,"Video, Image, Video Carousel, People Also Ask, Popular Products, Related Searches, AI Overview, Site Links","0.11,0.19,0.19,0.34,0.15,0.00,0.15,0.15,0.11,0.00,0.07,0.00",20,,
us,expencive watch,luxury watch,,,,luxury watches,50,23,1.40,1.00,191,"Informational, Commercial","AI Overview, Site Links, Reviews, Video, Image, Adwords Bottom, People Also Ask, Related Searches","0.01,0.00,0.01,0.00,0.00,0.00,0.00,0.67,0.00,0.00,0.00,0.00",20,,
us,expenisve watch brands,luxury watch,,,,luxury watches,70,21,0.79,0.91,165,Informational,"Video, Image, Video Carousel, People Also Ask, Related Searches, AI Overview, Site Links","0.00,0.00,1.00,0.00,0.00,0.00,0.00,0.00,0.00,0.00,0.00,0.00",20,,
us,expensive watches brand,luxury watch,,,,luxury watches,50,26,0.79,0.91,162,"Informational, Commercial","AI Overview, Site Links, Reviews, Video, Image, Video Carousel, People Also Ask, Related Searches","0.02,0.14,1.00,0.04,0.00,0.00,0.02,0.00,0.00,0.00,0.00,0.00",20,,
us,expensive swiss watch brands,luxury watch,,,,luxury watches,40,29,0.87,1.00,164,"Informational, Commercial","Related Searches, AI Overview, Image Pack, Site Links, Video, Image, Video Carousel, People Also Ask","0.01,0.02,0.01,0.03,0.02,0.03,0.03,0.03,0.03,0.03,0.03,0.01",20,,
us,watch steel luxury brand,luxury watch,,,,luxury watches,90,18,0.00,0.33,56800000,"Informational, Commercial","Discussions And Forums, Site Links, Image, Related Searches, AI Overview, Video, Video Carousel, People Also Ask, Popular Products","0.19,0.65,0.42,1.00,1.00,0.26,0.07,0.07,0.07,0.07,0.11,0.00",20,,
us,what are high end watch brands,luxury watch,,,,luxury watches,90,26,0.31,0.93,131,"Informational, Commercial","Reviews, Image, Video Carousel, Popular Products, AI Overview, Site Links, Video, People Also Ask, Related Searches","0.41,0.52,0.41,0.41,0.64,0.82,0.82,1.00,0.41,0.29,0.41,0.41",20,,
us,most exclusive watch brands,luxury watch,,,,luxury watches,70,27,0.54,0.90,179,Informational,"Image, Video Carousel, People Also Ask, Popular Products, Related Searches, AI Overview, Site Links, Video","0.41,0.41,0.64,0.52,0.41,0.41,0.41,0.41,0.64,0.41,0.41,0.52",20,,
us,new luxury watch brands,luxury watch,,,,luxury watches,40,22,1.39,1.00,162,"Informational, Commercial","Video Carousel, People Also Ask, Related Searches, AI Overview, Site Links, Video, Image","0.33,0.22,0.22,0.77,0.33,0.55,0.55,0.44,0.33,0.33,0.55,0.33",20,,
us,watch luxury brand 2019 silver,luxury watch,,,,luxury watches,70,22,0.00,0.33,43400000,"Informational, Commercial","Related Searches, AI Overview, Site Links, Video, Image, Video Carousel, People Also Ask, Popular Products","0.11,0.42,0.53,1.00,1.00,0.26,0.07,0.07,0.07,0.07,0.11,0.07",20,,
us,ad luxury watches,luxury watch,,,,luxury watches,50,24,0.00,0.01,163,"Informational, Commercial","Site Links, Video, Adwords Bottom, Video Carousel, People Also Ask, Related Searches","0.14,0.14,0.14,0.14,0.14,0.78,0.14,1.00,0.78,0.14,0.78,0.78",20,,
us,cheap luxury watches brands,luxury watch,,,,luxury watches,90,25,0.82,0.91,174,"Informational, Commercial","People Also Ask, Popular Products, Related Searches, AI Overview, Site Links, Video, Image, Video Carousel","0.78,1.00,0.64,0.78,0.50,0.50,0.64,0.78,0.50,0.64,0.64,0.78",20,,
us,designer watches on sale,luxury watch,,,,luxury watches,70,25,0.39,1.00,186,Transactional,"Related Searches, Site Links, Reviews, Video, Popular Products","0.28,0.28,0.23,0.07,0.28,0.10,0.17,0.23,0.10,0.12,0.02,0.17",20,,
us,swiss watch prices,luxury watch,,,,luxury watches,50,15,0.65,1.00,180,Transactional,"People Also Ask, Popular Products, Related Searches, AI Overview, Site Links, Video, Video Carousel","0.07,0.15,0.19,1.00,0.19,0.19,0.34,0.19,0.00,0.15,0.00,0.07",20,,
us,swiss made watches price,luxury watch,,,,luxury watches,90,22,0.65,1.00,173,Transactional,"Popular Products, Related Searches, Site Links, Video, Video Carousel, People Also Ask","0.82,0.64,0.41,0.82,0.52,0.82,0.23,0.23,0.82,0.64,0.82,0.41",20,,
us,swiss watch cost,luxury watch,,,,luxury watches,90,21,0.65,1.00,154000000,"Informational, Commercial","Image, Video Carousel, People Also Ask, Popular Products, Related Searches, Site Links, Video","1.00,0.35,0.35,1.00,0.64,1.00,0.64,0.78,0.64,0.50,0.78,0.64",20,,
us,mens swiss watch sale,luxury watch,,,,luxury watches,40,25,0.48,1.00,170,Transactional,"Site Links, Video, People Also Ask, Related Searches","0.09,0.52,0.09,0.09,0.09,0.09,0.52,0.09,0.09,0.09,0.09,0.09",20,,
us,watch brand with c,luxury watch,,,,luxury watches,50,29,2.04,0.86,159,Informational,"Site Links, Video, People Also Ask, Related Searches, AI Overview","0.77,0.77,0.11,0.77,0.77,1.00,0.55,0.77,0.77,0.77,0.55,0.77",20,,
us,audemars piguet edward piguet,luxury watch,,,,luxury watches,90,16,1.01,1.00,169,"Informational, Transactional","Related Searches, Knowledge Panel, Site Links, Video, Image, Video Carousel, Popular Products","0.41,0.64,0.52,0.52,0.64,0.52,0.64,0.82,1.00,0.41,0.52,0.52",20,,
us,luxury watch logo,luxury watch,,,,luxury watches,50,18,0.00,0.01,178,"Informational, Commercial","Image, People Also Ask, Related Searches, Image Pack, Video","0.28,0.00,0.78,0.50,0.50,0.78,0.00,0.14,0.14,0.00,0.07,0.00",90,,
us,swiss wrist watch,luxury watch,,,,luxury watches,30,15,0.73,0.99,180,"Informational, Commercial","Video, Image, Adwords Bottom, Video Carousel, People Also Ask, Related Searches, AI Overview, Site Links","0.45,0.09,0.36,0.09,0.27,0.09,0.00,0.09,0.18,0.45,0.36,0.36",20,,
us,watch brands swiss,luxury watch,,,,luxury watches,70,28,0.73,0.87,156,"Informational, Commercial","Site Links, Video, Image, People Also Ask, Related Searches, AI Overview","0.06,0.30,0.03,0.01,0.01,0.00,0.01,0.03,0.01,0.00,0.00,0.01",20,,
us,watches for sales,luxury watch,,,,luxury watches,70,29,0.40,1.00,200,Transactional,"Site Links, Video, Popular Products, Related Searches","0.01,0.03,0.28,0.06,0.00,0.00,1.00,0.01,0.01,0.00,0.03,0.00",20,,
us,how to buy a watch,luxury watch,,,,luxury watches,50,23,1.02,0.95,186,Informational,"People Also Ask, Related Searches, Short Videos, AI Overview, Site Links, Video, Video Carousel","0.17,0.52,1.00,0.17,0.17,0.17,0.11,0.17,0.17,0.17,0.11,0.23",20,,
us,what watches are made in switzerland,luxury watch,,,,luxury watches,40,27,0.73,0.36,46800000,Informational,"AI Overview, Site Links, Video, People Also Ask, Related Searches, Discussions And Forums","0.23,0.11,0.23,0.64,0.11,0.11,0.11,0.11,0.41,0.29,0.23,0.11",20,,
us,buying a watch,luxury watch,,,,luxury watches,40,29,0.99,1.00,194,Transactional,"Image, Video Carousel, People Also Ask, Popular Products, Related Searches, Local Pack, Video","0.02,0.05,0.07,0.02,0.02,0.05,0.05,0.00,0.53,0.53,0.05,0.00",90,,
us,classic swiss watch,luxury watch,,,,luxury watches,50,25,0.74,1.00,192,"Informational, Commercial","Related Searches, AI Overview, Site Links, Video, People Also Ask","0.14,0.78,0.14,0.14,0.14,0.78,0.78,1.00,0.14,0.14,0.14,0.14",20,,
us,montres rolex sa,luxury watch,,,,luxury watches,50,29,1.61,0.69,202,Informational,"People Also Ask, Popular Products, Related Searches, AI Overview, Image Pack, Site Links, Video, Image","0.50,0.21,0.78,0.50,0.50,0.50,0.14,0.14,0.14,0.14,0.14,0.14",20,,
us,swiss luxury brands,luxury watch,,,,luxury watches,90,28,0.00,0.29,154,Informational,"Video, People Also Ask, Related Searches, AI Overview","0.63,1.00,1.00,0.81,0.81,0.63,0.63,0.81,0.81,1.00,1.00,1.00",90,,
us,swiss watch brans,luxury watch,,,,luxury watches,50,27,0.84,1.00,170,Informational,"AI Overview, Video, Image, People Also Ask, Popular Products, Related Searches","0.00,0.10,0.00,1.00,0.00,0.00,0.00,0.00,0.00,0.00,0.00,0.00",90,,
us,best watch shop near me,luxury watch,,,,luxury watches,90,24,1.14,1.00,2650000000,Transactional,"Video, People Also Ask, Related Searches, Local Pack, Site Links","1.00,0.52,0.66,0.33,0.66,0.23,0.19,0.42,0.42,0.42,0.52,0.42",20,,
us,omega watches macy's,luxury watch,,,,luxury watches,50,16,0.35,1.00,139,Transactional,"Site Links, Image, People Also Ask, Related Searches","0.02,0.07,0.05,0.04,0.03,0.01,0.12,0.07,0.15,0.07,0.04,0.05",20,,
us,automatic watch brand,luxury watch,,,,luxury watches,40,19,0.52,1.00,160,"Informational, Commercial","Image, Video Carousel, People Also Ask, Related Searches, AI Overview, Site Links, Video","0.00,1.00,0.05,0.11,0.05,0.17,0.11,0.17,0.00,0.00,0.00,0.11",20,,
us,jaeger lecoultre chicago,luxury watch,,,,luxury watches,70,18,1.20,0.94,144,"Informational, Transactional","Knowledge Panel, Site Links, Video, People Also Ask, Related Searches","0.33,0.52,0.52,0.33,0.33,0.33,0.42,0.33,0.23,0.33,0.33,0.52",20,,
us,swatch rolex,luxury watch,,,,luxury watches,70,17,0.76,1.00,185,"Informational, Commercial","Short Videos, AI Overview, Site Links, Video, Video Carousel, Popular Products, Related Searches","0.12,0.10,0.07,0.12,1.00,0.00,0.07,0.02,0.17,0.23,0.07,0.07",20,,
us,200000 watch,luxury watch,,,,luxury watches,30,15,1.20,1.00,158,Informational,"People Also Ask, Related Searches, Discussions And Forums, AI Overview, Image Pack, Site Links, Video, Video Carousel","0.50,0.50,0.14,0.14,0.14,0.14,0.14,0.14,0.78,0.14,0.14,0.14",20,,
us,grey market watches websites,luxury watch,,,,luxury watches,70,24,0.38,1.00,50700000,Informational,"Discussions And Forums, AI Overview, Site Links, Video, Image, Video Carousel, Related Searches","0.50,0.50,0.35,0.50,0.50,0.50,0.78,1.00,1.00,0.78,0.78,1.00",20,,
us,rolex mall of america,luxury watch,,,,luxury watches,70,18,1.89,0.48,181,"Informational, Transactional","Video, People Also Ask, Related Searches, Knowledge Panel","0.45,1.00,0.45,1.00,0.63,0.63,0.45,0.63,0.36,0.45,0.36,0.36",70,,
us,mechanical swiss watch,luxury watch,,,,luxury watches,70,17,0.53,0.34,178,"Informational, Commercial","Site Links, Video, People Also Ask, Popular Products, Related Searches, Discussions And Forums, AI Overview","0.12,0.00,0.81,0.12,0.21,0.03,0.03,0.06,0.00,0.00,1.00,0.03",20,,
us,sale for watches,luxury watch,,,,luxury watches,50,26,0.46,1.00,198,Transactional,"Popular Products, Related Searches, Local Pack, Site Links, Video, People Also Ask","0.02,0.00,0.02,0.00,1.00,0.00,0.00,0.00,0.00,0.00,0.00,0.00",20,,
us,watch brand starts with s,luxury watch,,,,luxury watches,40,25,0.79,0.49,126,Informational,"Image Pack, Site Links, Video, People Also Ask, Related Searches, AI Overview","0.27,0.36,0.36,0.27,0.36,0.18,1.00,0.45,0.63,0.09,0.09,0.09",20,,
us,longines houston,luxury watch,,,,luxury watches,50,20,0.60,1.00,162,"Informational, Transactional","Knowledge Panel, Site Links, Reviews, People Also Ask, Related Searches","0.21,0.78,0.35,0.50,0.35,0.14,0.14,0.50,0.50,0.14,0.78,1.00",20,,
us,178 million dollar watch,luxury watch,,,,luxury watches,40,22,0.00,0.33,143,Informational,"Site Links, Video, People Also Ask, Related Searches, Short Videos, AI Overview","0.02,0.05,0.07,0.02,0.02,0.02,0.02,0.02,0.02,0.11,0.02,0.02",20,,
us,discount watches online,luxury watch,,,,luxury watches,50,22,0.55,1.00,171,"Informational, Commercial","Popular Products, Related Searches, AI Overview, Site Links, Video","0.17,0.28,0.12,0.12,0.07,0.12,0.12,0.10,0.05,0.12,0.17,0.17",20,,
us,major watch,luxury watch,,,,luxury watches,70,20,1.65,0.87,178,Informational,"Image, People Also Ask, Related Searches, Image Pack, Site Links, Video","0.05,0.05,0.03,0.01,0.01,0.08,0.08,0.13,0.08,0.01,0.01,0.01",20,,
us,style & co watch price,luxury watch,,,,luxury watches,90,20,0.00,0.78,1300000000,Transactional,"Image Pack, Site Links, Image, People Also Ask, Popular Products, Related Searches","1.00,1.00,1.00,1.00,1.00,0.81,0.81,0.81,0.63,0.63,0.81,1.00",20,,
us,where to buy watches cheap,luxury watch,,,,luxury watches,90,26,0.39,0.99,174,Transactional,"Related Searches, Discussions And Forums, Local Pack, Site Links, Video, People Also Ask, Popular Products","0.64,0.50,0.78,0.78,0.50,0.50,0.35,0.35,0.35,0.28,0.64,0.64",20,,
us,alyx audemars piguet,luxury watch,,,,luxury watches,40,24,0.00,0.92,355000,"Informational, Transactional","Discussions And Forums, Image Pack, Site Links, Video, Image, Popular Products, Related Searches","0.11,0.15,0.15,0.11,0.07,0.07,0.19,0.11,0.19,0.11,0.11,0.15",20,,
us,audemars piguet alyx,luxury watch,,,,luxury watches,40,21,0.00,1.00,162,"Informational, Commercial","Site Links, Video, Image, Video Carousel, Related Searches, Image Pack","0.15,0.21,0.09,0.12,0.06,0.06,0.15,0.06,0.06,0.21,0.21,0.21",20,,
us,ladies and gents watches,luxury watch,,,,luxury watches,90,18,0.76,1.00,199,Informational,"Video, Video Carousel, People Also Ask, Popular Products, Related Searches, AI Overview, Image Pack, Site Links","1.00,0.80,0.33,0.42,0.66,0.04,0.04,0.66,0.00,0.33,0.00,0.00",20,,
us,omega authorized dealer chicago,luxury watch,,,,luxury watches,30,18,2.40,1.00,353000,Informational,"Knowledge Panel, Site Links, Image, People Also Ask, Related Searches","0.18,0.27,0.27,0.36,0.18,0.27,0.18,0.18,0.18,0.18,0.18,0.18",20,,
us,rolex already late,luxury watch,,,,luxury watches,40,17,1.98,1.00,232,"Informational, Commercial","Image Pack, Site Links, Video, Video Carousel, People Also Ask, Related Searches, Short Videos","0.14,0.14,0.14,0.14,0.14,0.14,0.78,1.00,0.14,0.14,0.14,0.14",20,,
us,rolex china website,luxury watch,,,,luxury watches,90,16,1.28,1.00,127,Informational,"Site Links, People Also Ask, Related Searches, AI Overview","0.52,0.33,0.23,0.33,0.23,0.33,0.80,1.00,1.00,0.80,0.66,0.66",20,,
us,tag heuer outlet near me,luxury watch,,,,luxury watches,70,29,1.22,1.00,131,"Informational, Transactional","People Also Ask, Related Searches, AI Overview, Local Pack, Site Links, Video","0.64,0.64,0.23,0.52,0.41,0.41,0.64,0.41,0.29,0.29,0.41,0.41",20,,
us,automatic watches on sale,luxury watch,,,,luxury watches,40,21,0.28,1.00,190,Transactional,"AI Overview, Site Links, Video, Related Searches","0.22,0.22,0.33,0.55,0.77,0.33,0.77,1.00,0.22,0.11,0.11,0.11",20,,
us,bentley breitling clock,luxury watch,,,,luxury watches,70,26,0.00,0.42,171,"Informational, Commercial","Related Searches, AI Overview, Site Links, Video, Image, People Also Ask","0.33,0.33,1.00,0.42,0.33,0.23,0.23,0.19,0.42,0.14,0.19,0.09",20,,
us,black geneva watch,luxury watch,,,,luxury watches,50,20,0.00,0.90,252,Informational,"Site Links, Video, People Also Ask, Popular Products, Related Searches, Image Pack","0.00,0.35,0.50,1.00,0.28,0.21,0.35,0.35,0.50,0.21,0.28,0.50",20,,
us,cheap watches for sale,luxury watch,,,,luxury watches,50,22,0.36,0.99,175,Transactional,"Related Searches, Local Pack, Site Links, Video, Video Carousel, People Also Ask","0.11,0.08,0.18,0.08,0.03,0.03,0.05,0.05,0.03,0.18,0.18,0.11",20,,
us,europe watch,luxury watch,,,,luxury watches,70,25,1.17,0.55,178,Informational,"Image, Video Carousel, People Also Ask, Related Searches, Image Pack, Site Links, Video","0.00,0.00,0.00,0.00,0.00,0.36,0.00,0.00,0.00,0.00,0.00,0.24",20,,
us,express mens watches,luxury watch,,,,luxury watches,90,24,0.56,1.00,169,"Navigational, Transactional","Local Pack, Site Links, Video, Related Searches","0.05,0.29,0.41,0.41,0.29,0.29,1.00,0.64,1.00,0.82,0.17,0.11",20,,
us,omega watch repair seattle,luxury watch,,,,luxury watches,40,22,1.50,0.34,154,Informational,"Knowledge Panel, Site Links, People Also Ask, Related Searches, Discussions And Forums","0.18,0.18,0.27,1.00,1.00,0.18,0.27,0.27,0.27,0.27,0.18,0.18",20,,
us,watch store discount,luxury watch,,,,luxury watches,40,22,0.47,0.82,183,"Informational, Commercial","Video, AI Overview, Site Links","0.63,1.00,0.00,0.00,0.09,0.00,1.00,0.00,0.63,0.00,0.00,0.00",20,,
us,bigwatch,luxury watch,,,,luxury watches,50,23,1.42,0.75,109,Informational,"Site Links, Video, Video Carousel, Related Searches","0.00,0.00,0.00,0.00,0.02,0.00,0.81,0.00,0.00,0.18,0.00,0.00",20,,
us,wall street journal watches,luxury watch,,,,luxury watches,70,25,0.00,0.28,124,"Informational, Transactional","Video, People Also Ask, Related Searches, Image Pack, Site Links","0.12,0.07,0.12,0.28,0.35,0.17,0.12,0.17,0.12,0.05,0.05,0.28",20,,
us,watches categories luxury,luxury watch,,,,luxury watches,40,19,0.00,0.30,184,Informational,"Site Links, Video, Image, People Also Ask, Related Searches, AI Overview, Image Pack","0.21,0.21,0.14,0.14,0.00,0.14,0.78,1.00,0.00,0.14,0.14,0.14",20,,
us,men gold rolex watch,luxury watch,,,,rolex watches,70,22,1.52,1.00,199,Transactional,"Popular Products, Related Searches, Image Pack, Site Links, Video, People Also Ask","0.34,0.11,0.03,0.11,0.11,0.34,0.26,0.03,0.26,0.00,0.11,1.00",20,,
us,rolex mens sports watch,luxury watch,,,,rolex watches,90,24,1.83,1.00,180,Transactional,"Image, Video Carousel, Popular Products, Related Searches, Site Links, Video","0.52,0.66,0.52,0.33,0.33,0.33,0.33,0.33,0.23,0.33,0.23,0.33",20,,
us,men's rolex watch gold,luxury watch,,,,rolex watches,90,23,1.84,1.00,199,Transactional,"Video, People Also Ask, Related Searches, Image Pack, Site Links","0.05,0.02,0.04,0.00,0.02,0.02,0.00,0.03,0.08,0.08,0.01,0.20",20,,
us,rolex quartz ladies watch,luxury watch,,,,rolex watches,70,17,1.36,0.95,7550000,"Informational, Commercial","Popular Products, Image Pack, Site Links, Video, Image, Video Carousel, People Also Ask","0.14,0.18,0.14,0.10,0.10,0.10,0.04,0.06,0.04,0.08,0.22,0.04",20,,
us,gold rolex watch for sale,luxury watch,,,,rolex watches,50,19,0.31,1.00,194,Transactional,"Site Links, Video, Related Searches, AI Overview, Image Pack","0.19,0.23,0.23,0.19,0.23,0.33,0.23,0.33,0.09,1.00,0.23,0.23",20,,
us,price of gold rolex watch,luxury watch,,,,rolex watches,50,17,2.05,0.88,174,Transactional,"Video, Image, Video Carousel, People Also Ask, Image Pack, Site Links, Adwords Bottom, Popular Products, Related Searches, Reviews","0.36,0.45,0.45,0.45,0.45,1.00,0.63,0.63,0.63,0.27,0.45,0.63",20,,
us,rolex collections,luxury watch,,,,rolex watches,50,24,1.76,0.63,182,"Informational, Commercial","Site Links, Video, Image, Video Carousel, Related Searches, Image Pack","0.06,0.04,0.04,0.04,0.06,0.43,0.06,0.22,0.02,0.02,0.02,0.06",20,,
us,rolex gold women's watch,luxury watch,,,,rolex watches,50,19,1.85,1.00,186,Transactional,"Image, Related Searches, Image Pack, Site Links, Video","0.07,0.03,1.00,0.19,0.26,0.03,0.15,0.15,0.00,0.03,0.19,0.07",20,,
us,rolex watches for me,luxury watch,,,,rolex watches,70,27,1.91,1.00,207,"Informational, Transactional","Image, Adwords Bottom, Video Carousel, People Also Ask, Related Searches, Image Pack, Site Links, Video","0.81,0.81,0.09,0.81,0.63,1.00,0.81,0.63,0.63,0.63,0.45,0.45",20,,
us,big face rolex watch,luxury watch,,,,rolex watches,40,16,1.45,1.00,163,"Informational, Commercial","Image, Video Carousel, People Also Ask, Popular Products, Related Searches, Image Pack, Site Links, Video","0.05,0.03,0.03,0.00,0.02,0.02,0.02,0.01,0.00,0.01,0.03,0.03",20,,
us,cheap ladies rolex watches,luxury watch,,,,rolex watches,90,22,0.39,1.00,157,Transactional,"Local Pack, Site Links, Video, People Also Ask, Related Searches","1.00,0.02,0.00,0.01,0.00,0.00,0.00,0.00,0.00,0.01,0.00,0.00",20,,
us,cheapest ladies rolex,luxury watch,,,,rolex watches,50,16,0.35,1.00,1960000,"Informational, Commercial","Video, Image, People Also Ask, Related Searches, Discussions And Forums, Site Links, Video Carousel, Popular Products, AI Overview","0.35,0.04,0.08,0.14,0.04,0.22,0.08,0.22,0.14,0.22,0.18,0.22",20,,
us,cheapest rolex watch for sale,luxury watch,,,,rolex watches,70,22,0.48,1.00,158,Transactional,"Site Links, Video, Image, Video Carousel, People Also Ask, Popular Products, Related Searches, AI Overview","0.10,0.10,0.03,0.07,0.07,0.04,0.03,0.12,0.10,0.10,0.19,0.23",20,,
us,gold and silver rolex watch,luxury watch,,,,rolex watches,40,26,1.85,1.00,212,"Informational, Transactional","Image, Video Carousel, Popular Products, Related Searches, Image Pack, Site Links, Video","0.35,0.07,1.00,0.07,0.50,0.78,0.21,0.28,0.00,0.07,0.00,0.07",20,,
us,men's cheapest rolex watch,luxury watch,,,,rolex watches,40,26,0.25,1.00,165,Transactional,"People Also Ask, Related Searches, AI Overview, Site Links, Video, Video Carousel","0.45,1.00,0.36,0.45,0.36,0.18,0.09,0.18,0.18,0.18,0.18,0.18",20,,
us,men's silver rolex,luxury watch,,,,rolex watches,90,17,1.85,1.00,174,"Informational, Transactional","Related Searches, Image Pack, Site Links, Video, Image, People Also Ask, Popular Products","0.17,0.17,0.23,0.17,0.17,0.17,0.05,0.17,0.17,1.00,0.17,0.12",20,,
us,mens gold rolex watch for sale,luxury watch,,,,rolex watches,50,26,0.32,1.00,23100000,Transactional,"Related Searches, Site Links, Video, Image, Popular Products","0.64,1.00,0.00,0.00,0.07,0.14,0.35,0.14,0.64,0.28,0.28,0.35",20,,
us,rolex gold mens watch,luxury watch,,,,rolex watches,40,22,1.46,1.00,13900000,Transactional,"Video Carousel, People Also Ask, Popular Products, Related Searches, Site Links, Video, Image","0.01,0.01,0.00,0.00,0.00,0.00,0.00,0.00,0.00,0.01,0.02,0.02",20,,
us,rolex mens gold watches,luxury watch,,,,rolex watches,50,28,1.84,1.00,171,Transactional,"Site Links, Video, Image, People Also Ask, AI Overview, Image Pack","0.14,0.00,0.00,0.00,0.00,0.00,0.00,0.00,0.00,1.00,0.02,0.00",20,,
us,rolex watches for men gold,luxury watch,,,,rolex watches,40,23,1.25,0.54,183,Transactional,"Popular Products, Related Searches, Site Links, Video, Image, Adwords Bottom, Video Carousel, People Also Ask","0.00,0.00,0.00,0.00,0.00,0.00,0.00,0.00,0.00,0.00,0.00,0.00",20,,
us,rolex.women,luxury watch,,,,rolex watches,40,20,1.94,1.00,169,"Informational, Transactional","Video Carousel, People Also Ask, Short Videos, Site Links, Video","0.33,0.44,0.77,1.00,0.11,0.22,0.33,0.77,0.00,0.11,0.33,0.11",20,,
us,silver rolex watch mens,luxury watch,,,,rolex watches,50,26,1.46,1.00,187,Transactional,"Popular Products, Related Searches, Image Pack, Site Links, Video, Image, People Also Ask","0.23,0.33,0.04,0.00,0.00,0.80,0.00,0.33,0.23,0.00,0.23,0.00",20,,
us,all gold rolex mens,luxury watch,,,,rolex watches,90,19,1.85,1.00,177,Transactional,"Related Searches, Site Links, Video, Video Carousel, People Also Ask","0.53,0.53,0.42,0.42,0.42,0.26,0.34,0.34,0.26,0.19,0.26,0.26",20,,
us,big rolex watch,luxury watch,,,,rolex watches,50,17,1.86,1.00,172,"Informational, Commercial","Site Links, Video, Image, Video Carousel, People Also Ask, Related Searches, Image Pack","0.63,0.81,0.63,0.63,0.63,0.63,0.45,0.45,0.63,0.27,0.18,0.18",20,,
us,buying a preowned rolex,luxury watch,,,,rolex watches,90,27,1.41,1.00,197,Transactional,"Site Links, Video, Image, People Also Ask, Popular Products, Related Searches, AI Overview","0.02,0.00,0.18,0.29,0.66,1.00,0.06,0.04,0.04,0.04,0.04,0.04",20,,
us,lowest price rolex watch,luxury watch,,,,rolex watches,70,22,1.17,1.00,143,Transactional,"Video, Image, People Also Ask, Related Searches, AI Overview, Site Links","0.02,0.01,0.02,0.01,0.02,0.02,0.12,1.00,0.12,0.00,0.06,0.09",20,,
us,mens gold rolex for sale,luxury watch,,,,rolex watches,90,25,0.58,1.00,200,Transactional,"Local Pack, Site Links, Video, People Also Ask, Related Searches","0.53,0.53,0.42,0.34,0.34,0.34,0.34,0.42,0.34,0.26,0.26,0.19",20,,
us,prices of new rolex watches,luxury watch,,,,rolex watches,90,29,1.66,0.97,148,Transactional,"Site Links, Video, Video Carousel, Related Searches, Adwords Middle, AI Overview","0.50,0.35,1.00,0.07,0.78,0.35,0.50,1.00,0.64,0.50,0.64,1.00",20,,
us,rolex classic watches,luxury watch,,,,rolex watches,30,27,0.77,0.95,197,"Navigational, Transactional","Image Pack, Site Links, Video, Image, Adwords Bottom, People Also Ask, Popular Products, Related Searches","0.02,0.04,0.04,0.04,0.02,0.07,0.07,0.07,0.00,0.00,0.02,0.02",20,,
us,rolex new for sale,luxury watch,,,,rolex watches,40,23,0.46,1.00,181,Transactional,"Video, Popular Products, Related Searches, Local Pack, Site Links","0.15,0.06,0.12,0.09,0.06,0.15,0.28,0.21,0.21,0.09,0.06,0.12",20,,
us,rolex sport watch,luxury watch,,,,rolex watches,70,21,1.86,1.00,170,"Navigational, Transactional","Related Searches, Discussions And Forums, Image Pack, Site Links, Video, Image, People Also Ask","0.17,0.17,0.23,0.17,0.07,0.53,0.05,0.02,0.02,0.07,0.17,0.12",20,,
us,rolex steel watches,luxury watch,,,,rolex watches,50,16,1.45,1.00,25400000,Transactional,"Video Carousel, People Also Ask, Related Searches, Discussions And Forums, Image Pack, Site Links, Video, Image","0.09,0.09,0.09,0.52,0.09,0.52,0.42,0.52,0.33,0.52,0.66,0.66",20,,
us,silver ladies rolex watch,luxury watch,,,,rolex watches,50,17,1.58,1.00,10500000,Transactional,"People Also Ask, Popular Products, Related Searches, Image Pack, Site Links, Video, Image","0.23,0.12,0.10,0.05,0.10,0.10,0.17,0.28,0.17,0.17,0.07,0.17",20,,
us,big face rolex watches,luxury watch,,,,rolex watches,50,16,1.96,1.00,149,"Informational, Commercial","Site Links, Video, Video Carousel, People Also Ask, Related Searches, AI Overview","0.33,0.42,0.33,0.42,0.19,0.23,0.33,0.33,0.19,0.19,0.23,0.19",20,,
us,certified watch,luxury watch,,,,rolex watches,30,21,0.81,0.82,187,"Informational, Commercial","Video, Image, People Also Ask, Related Searches, AI Overview, Image Pack, Site Links","0.01,0.01,0.01,0.03,0.03,0.03,0.01,0.03,0.03,0.01,0.01,0.01",20,,
us,cheap gold rolex,luxury watch,,,,rolex watches,90,19,0.38,1.00,76200000,"Informational, Commercial","People Also Ask, Related Searches, Image, Popular Products, Discussions And Forums, AI Overview, Site Links, Video, Video Carousel","0.21,0.53,0.15,0.21,0.09,0.15,0.81,0.15,0.81,0.21,0.15,0.21",20,,
us,cheapest rolex oyster perpetual,luxury watch,,,,rolex watches,90,25,1.83,0.99,164,Informational,"Related Searches, AI Overview, Site Links, Video, Image, People Also Ask","0.07,0.42,0.42,0.26,0.53,0.19,0.26,0.26,1.00,0.19,0.34,0.19",20,,
us,cost of gold rolex watch,luxury watch,,,,rolex watches,90,21,2.12,1.00,150,"Informational, Commercial","Video, Video Carousel, People Also Ask, Popular Products, Related Searches, AI Overview, Site Links","0.41,0.52,0.41,0.82,0.41,0.64,0.82,0.64,0.52,0.52,0.41,0.41",20,,
us,gold and diamond rolex mens,luxury watch,,,,rolex watches,70,17,1.45,1.00,180,Transactional,"Video Carousel, People Also Ask, Related Searches, Site Links, Video","0.63,0.63,0.63,0.45,0.63,0.36,0.63,0.63,0.63,0.63,0.63,0.45",20,,
us,gold cheap rolex,luxury watch,,,,rolex watches,70,22,0.32,1.00,188,Transactional,"Video, People Also Ask, Related Searches, Image Pack, Site Links","0.00,1.00,0.00,0.00,0.00,0.00,0.81,0.00,0.81,0.00,0.00,0.00",20,,
us,gold rolex mens for sale,luxury watch,,,,rolex watches,50,24,0.32,1.00,169,Transactional,"Local Pack, Site Links, Video, People Also Ask, Related Searches, AI Overview","0.66,0.66,0.00,0.00,0.00,0.00,0.33,0.00,0.42,0.00,0.00,0.00",20,,
us,how much does a used rolex cost,luxury watch,,,,rolex watches,30,20,1.56,0.85,128,"Informational, Commercial","Site Links, Video, People Also Ask, Popular Products, Related Searches, Discussions And Forums, AI Overview","0.60,0.60,0.40,0.80,0.40,0.60,0.60,0.40,1.00,0.60,0.40,1.00",20,,
us,lower end rolex,luxury watch,,,,rolex watches,30,16,1.04,1.00,16300000,Informational,"Related Searches, Discussions And Forums, AI Overview, Site Links, Video, Image, Video Carousel, People Also Ask","0.45,0.09,0.36,0.45,0.36,0.63,0.27,0.27,0.18,0.36,0.27,0.27",20,,
us,men's gold rolex watches for sale,luxury watch,,,,rolex watches,40,27,0.58,1.00,170,Transactional,"Local Pack, Site Links, Video, Related Searches, AI Overview","1.00,1.00,0.00,0.00,0.00,0.00,0.00,0.00,0.64,0.00,0.00,0.00",20,,
us,men's how much does a rolex watch cost,luxury watch,,,,rolex watches,30,24,0.69,0.95,143,Informational,"Site Links, Video, Video Carousel, People Also Ask, Related Searches","1.00,0.28,0.57,0.71,0.71,0.28,0.71,0.28,0.28,0.28,0.28,0.28",20,,
us,men's rolex low price watch,luxury watch,,,,rolex watches,40,17,0.00,1.00,21900000,Transactional,"AI Overview, Site Links, Video, Image, Video Carousel, People Also Ask, Popular Products, Related Searches","0.14,0.14,0.64,0.14,0.14,0.14,0.00,0.14,0.14,0.14,0.14,0.14",20,,
us,men's silver watch rolex,luxury watch,,,,rolex watches,70,29,1.85,1.00,180,Transactional,"Video, Image, People Also Ask, Related Searches, Image Pack, Site Links","0.42,0.66,0.42,0.42,0.23,0.23,0.42,0.52,0.04,0.04,0.04,0.09",20,,
us,mens gold rolex watches for sale,luxury watch,,,,rolex watches,50,27,0.32,1.00,10600000,Transactional,"Related Searches, Local Pack, Image Pack, Site Links, Video, Image, People Also Ask, Popular Products","0.82,0.52,0.23,0.29,0.29,0.05,0.41,0.23,0.52,0.11,0.17,0.29",20,,
us,rolex expensive watch,luxury watch,,,,rolex watches,70,27,1.92,1.00,177,"Informational, Commercial","Video Carousel, People Also Ask, Related Searches, Discussions And Forums, AI Overview, Site Links, Video, Image","0.45,0.18,0.63,0.27,0.63,1.00,0.45,0.36,0.27,0.09,0.00,0.27",20,,
us,what is a rolex watch worth,luxury watch,,,,rolex watches,40,28,1.51,0.53,145,Informational,"People Also Ask, Popular Products, Related Searches, AI Overview, Site Links, Reviews, Video, Video Carousel","0.18,1.00,0.27,0.63,0.45,0.18,0.18,0.18,0.81,0.18,0.18,0.18",20,,
us,what is the average cost of a rolex watch,luxury watch,,,,rolex watches,50,21,0.71,0.47,8970000,Informational,"AI Overview, Site Links, Video, Image, People Also Ask, Popular Products, Related Searches, Discussions And Forums","0.64,0.11,0.11,0.23,0.64,0.17,0.41,0.64,0.52,0.41,0.52,0.64",20,,
us,what is the value of a rolex watch,luxury watch,,,,rolex watches,40,28,1.51,0.53,117,Informational,"Site Links, Video, Video Carousel, People Also Ask, Popular Products, Discussions And Forums, AI Overview, Reviews, Related Searches","0.11,0.64,0.11,0.41,0.29,0.11,0.11,0.11,0.52,0.11,0.11,0.11",20,,
us,best looking rolex for men,luxury watch,,,,rolex watches,50,18,0.45,1.00,148,Informational,"Site Links, Video, Video Carousel, People Also Ask, Popular Products, AI Overview","0.11,0.11,0.11,0.29,0.17,0.29,0.64,0.82,1.00,0.23,0.64,0.23",20,,
us,black rolex watch men,luxury watch,,,,rolex watches,50,28,1.85,1.00,211,"Informational, Commercial","Image, People Also Ask, Popular Products, Related Searches, Image Pack, Site Links, Video","0.10,0.10,0.00,0.00,0.02,0.06,0.00,0.06,0.02,0.00,0.02,0.06",20,,
us,black rolex wrist watch,luxury watch,,,,rolex watches,50,20,1.45,1.00,203,"Informational, Commercial","Image Pack, Site Links, Video, Image, People Also Ask, Popular Products, Related Searches","0.00,0.00,0.42,0.53,0.53,0.34,0.19,0.26,1.00,0.11,0.19,0.19",20,,
us,brand new rolex for sale,luxury watch,,,,rolex watches,90,18,0.49,1.00,137,Transactional,"Local Pack, Site Links, Video, Related Searches","1.00,0.81,0.81,1.00,0.81,0.81,0.81,1.00,0.81,0.81,0.81,0.63",20,,
us,brand new rolex watches,luxury watch,,,,rolex watches,90,18,1.83,1.00,179,Transactional,"Video Carousel, Related Searches, Site Links, Video, Adwords Bottom","0.41,0.41,0.82,1.00,0.82,0.41,0.52,0.41,0.64,0.52,0.64,0.52",20,,
us,cheapest authentic rolex,luxury watch,,,,rolex watches,30,27,0.53,1.00,162,"Informational, Commercial","Site Links, Popular Products, Related Searches, Discussions And Forums, AI Overview, Video, Image, Video Carousel, People Also Ask","0.57,0.42,0.42,1.00,0.28,0.57,0.28,0.14,0.28,0.14,0.14,0.14",20,,
us,cheapest datejust rolex,luxury watch,,,,rolex watches,70,27,0.40,1.00,164,Informational,"Video, Image, Video Carousel, People Also Ask, Related Searches, Discussions And Forums, AI Overview, Site Links","0.02,1.00,0.14,0.02,0.04,0.06,0.35,0.06,0.06,0.04,0.04,0.02",20,,
us,how much does the cheapest rolex watch cost,luxury watch,,,,rolex watches,90,29,0.00,0.34,164,"Informational, Commercial","Site Links, Video, Video Carousel, People Also Ask, Related Searches, Discussions And Forums, AI Overview","1.00,0.64,0.35,0.64,0.50,0.78,0.50,0.50,1.00,0.78,1.00,0.50",20,,
us,men's gold rolex for sale,luxury watch,,,,rolex watches,40,22,0.58,1.00,187,Transactional,"Local Pack, Site Links, Reviews, Video, Popular Products, Related Searches","0.64,0.82,0.17,0.11,0.11,0.00,0.00,0.05,0.52,0.11,0.00,0.00",20,,
us,mens rolex silver,luxury watch,,,,rolex watches,90,15,1.46,1.00,190,Transactional,"Popular Products, Related Searches, Image Pack, Site Links, Video, Image, Video Carousel, People Also Ask","0.00,0.00,0.29,0.29,0.29,1.00,0.06,0.14,1.00,0.81,1.00,0.14",20,,
us,oyster rolex watches for sale,luxury watch,,,,rolex watches,90,21,0.26,1.00,170,Transactional,"People Also Ask, Popular Products, Related Searches, Local Pack, Site Links, Video","0.33,0.52,0.23,0.23,0.33,0.33,0.33,0.80,0.66,0.52,0.33,0.52",20,,
us,rolex cheap watch,luxury watch,,,,rolex watches,40,29,0.31,0.93,172,Transactional,"Image, Video Carousel, People Also Ask, Related Searches, Site Links, Video, Popular Products, Discussions And Forums, AI Overview","0.55,0.77,0.22,0.11,0.11,0.22,0.44,0.77,0.55,0.22,0.33,0.11",20,,
us,rolex gold men,luxury watch,,,,rolex watches,30,18,1.73,1.00,182,"Informational, Transactional","Video, People Also Ask, Popular Products, Related Searches, Image Pack, Site Links, Reviews","0.14,0.23,0.09,0.42,0.09,0.09,0.09,0.09,0.09,0.04,0.19,0.19",20,,
us,second hand ladies rolex watches for sale,luxury watch,,,,rolex watches,40,21,0.00,0.56,129,Transactional,"Image, People Also Ask, Popular Products, Related Searches, Site Links, Video","0.57,0.71,0.71,0.57,0.42,0.42,0.28,0.28,0.28,0.42,0.28,0.28",20,,
us,used gold rolex for sale,luxury watch,,,,rolex watches,90,28,0.35,1.00,147,Transactional,"Video, People Also Ask, Related Searches, Local Pack, Site Links","0.33,0.42,0.33,0.42,0.42,0.66,0.33,0.80,0.52,0.33,0.52,0.66",20,,
us,used gold rolex watches for sale,luxury watch,,,,rolex watches,90,28,0.31,1.00,13500000,Transactional,"Site Links, Video, Image, Popular Products, Related Searches, Local Pack","0.33,0.33,0.33,0.09,0.42,0.33,0.33,0.33,0.42,0.33,0.42,0.52",20,,
us,used ladies rolex watch for sale,luxury watch,,,,rolex watches,50,25,0.40,1.00,142,Transactional,"Popular Products, Related Searches, AI Overview, Local Pack, Site Links, Video","0.19,0.80,0.04,0.04,0.04,0.04,0.14,0.19,1.00,0.23,0.33,0.09",20,,
us,value of a rolex watch,luxury watch,,,,rolex watches,50,27,2.09,0.49,131,Informational,"Popular Products, Related Searches, Discussions And Forums, AI Overview, Site Links, Video, Video Carousel, People Also Ask","0.09,0.12,0.21,0.09,0.15,0.21,0.21,0.34,0.21,0.09,0.09,0.21",20,,
us,what is the best rolex watch,luxury watch,,,,rolex watches,70,18,0.45,1.00,134,"Informational, Commercial","Video, People Also Ask, Popular Products, Related Searches, AI Overview, Site Links","0.26,0.26,0.34,0.34,0.19,0.26,0.26,0.34,0.34,0.26,0.26,0.26",20,,
us,what is the cheapest rolex watch for men,luxury watch,,,,rolex watches,90,20,0.51,0.97,156,"Informational, Commercial","Site Links, Video, Video Carousel, People Also Ask, Popular Products, Related Searches, AI Overview","0.29,0.29,0.29,0.29,0.41,0.82,0.41,0.29,0.41,0.82,1.00,1.00",20,,
us,where to buy used luxury watches,luxury watch,,,,rolex watches,90,27,0.52,0.98,155,Transactional,"Local Pack, Site Links, Video, AI Overview","0.63,0.45,0.81,1.00,0.81,1.00,0.81,0.81,1.00,0.81,0.63,0.45",20,,
us,18k gold rolex watch prices,luxury watch,,,,rolex watches,90,17,1.74,1.00,183,Transactional,"People Also Ask, Related Searches, AI Overview, Site Links, Video, Image, Video Carousel","0.00,0.35,0.43,0.14,0.00,0.29,0.14,0.22,0.22,0.22,0.22,0.29",20,,
us,brand new rolex watches for sale,luxury watch,,,,rolex watches,90,22,0.49,1.00,141,Transactional,"Local Pack, Site Links, Video, Popular Products, Related Searches","1.00,0.81,0.63,0.63,0.63,0.63,0.63,0.63,0.81,0.63,0.63,0.63",20,,
us,cheapest rolex mens,luxury watch,,,,rolex watches,70,28,0.40,1.00,150,"Informational, Commercial","Image, Video Carousel, People Also Ask, Related Searches, Discussions And Forums, AI Overview, Site Links, Video","0.02,0.01,0.00,0.05,0.01,0.00,0.10,0.02,0.07,0.00,0.00,0.10",20,,
us,does a rolex have a second hand,luxury watch,,,,rolex watches,40,27,0.00,0.05,187,Informational,"Video Carousel, People Also Ask, Related Searches, AI Overview, Site Links, Reviews, Video","0.14,0.14,0.21,0.78,0.50,0.64,0.14,0.14,0.14,0.14,0.14,0.14",20,,
us,how much is a brand new rolex,luxury watch,,,,rolex watches,30,18,1.68,0.79,122,Informational,"Related Searches, Discussions And Forums, AI Overview, Site Links, Video, Video Carousel, People Also Ask","0.19,0.19,0.09,0.14,0.09,0.19,0.14,0.09,0.23,0.09,0.23,0.09",20,,
us,how much is an entry level rolex,luxury watch,,,,rolex watches,40,16,1.94,0.67,5020000,Informational,"People Also Ask, Related Searches, Discussions And Forums, AI Overview, Site Links, Video, Image, Video Carousel","0.28,0.14,0.21,0.14,0.28,0.21,0.78,1.00,0.78,0.28,0.21,0.50",20,,
us,most famous rolex watch,luxury watch,,,,rolex watches,90,17,0.03,0.98,170,Informational,"Image, Video Carousel, People Also Ask, Adwords Middle, AI Overview, Site Links, Video","0.78,0.28,0.35,0.50,0.64,1.00,0.50,0.64,0.64,0.35,0.50,0.64",20,,
us,pre-owned rolex watches for sale,luxury watch,,,,rolex watches,50,27,0.59,1.00,173,Transactional,"Local Pack, Site Links, Video, Popular Products, Related Searches, AI Overview","0.29,0.41,1.00,0.64,0.29,0.64,0.17,0.05,0.41,0.29,0.52,0.64",20,,
us,rolex class a,luxury watch,,,,rolex watches,70,21,1.80,0.98,163,"Informational, Commercial","Related Searches, Image Pack, Site Links, People Also Ask","0.78,0.78,0.14,0.14,0.14,0.14,0.78,1.00,0.64,0.50,0.64,0.78",20,,
us,rolex female watches prices,luxury watch,,,,rolex watches,30,16,2.03,0.99,164,Transactional,"AI Overview, Site Links, Reviews, Video, People Also Ask, Popular Products, Related Searches","0.55,0.22,0.11,0.00,0.00,0.33,0.11,0.22,0.55,0.55,0.33,0.33",20,,
us,rolex watch with leather strap,luxury watch,,,,rolex watches,70,16,1.40,1.00,13800000,"Informational, Commercial","AI Overview, Site Links, Adwords Bottom, Popular Products, Image Pack, Video, Image, People Also Ask, Related Searches, Discussions And Forums","0.04,1.00,0.05,0.05,0.01,0.02,0.00,0.00,0.02,0.00,0.01,0.00",20,,
us,can i buy a rolex in store,luxury watch,,,,rolex watches,30,24,1.65,1.00,159,"Informational, Transactional","Discussions And Forums, AI Overview, Site Links, Video, Video Carousel, People Also Ask, Related Searches","0.40,0.40,0.80,1.00,1.00,0.80,0.80,1.00,0.40,0.40,0.40,0.40",20,,
us,how much does gold rolex cost,luxury watch,,,,rolex watches,70,29,1.90,0.86,159,Informational,"Video, Video Carousel, People Also Ask, Related Searches, AI Overview, Site Links","0.78,0.14,0.78,0.78,0.78,0.78,0.78,1.00,0.14,0.50,0.64,0.50",20,,
us,how much money is a rolex,luxury watch,,,,rolex watches,50,27,1.55,0.35,130,Informational,"Related Searches, Discussions And Forums, AI Overview, Site Links, Video, People Also Ask","0.64,0.11,0.11,0.11,0.11,0.64,0.11,0.11,0.11,0.23,0.64,1.00",20,,
us,leather rolex watches for men,luxury watch,,,,rolex watches,70,23,1.86,1.00,179,Transactional,"Adwords Bottom, People Also Ask, Image Pack, Site Links, Video, Image","0.23,0.42,0.33,0.33,0.33,0.33,0.42,0.33,0.23,0.19,0.23,0.23",20,,
us,most popular mens rolex,luxury watch,,,,rolex watches,90,16,0.03,0.94,165,"Informational, Commercial","Discussions And Forums, AI Overview, Site Links, Video, People Also Ask, Related Searches","0.64,0.64,0.52,0.64,0.52,0.64,0.52,0.82,0.29,0.29,0.64,0.41",20,,
us,pre owned ladies rolex watches near me,luxury watch,,,,rolex watches,90,26,0.99,1.00,156,Transactional,"People Also Ask, Related Searches, Local Pack, Site Links, Reviews, Video","0.23,0.33,0.23,0.23,0.33,0.42,0.33,0.66,0.52,0.42,0.52,0.52",20,,
us,rolex hierarchy,luxury watch,,,,rolex watches,30,18,1.83,0.08,444000,"Informational, Commercial","Related Searches, Discussions And Forums, Image Pack, Site Links, Image, Video Carousel, People Also Ask, AI Overview, Video","0.75,0.75,0.50,1.00,0.75,0.50,0.50,0.50,0.50,0.50,0.50,0.75",20,,
us,rolex plain,luxury watch,,,,rolex watches,50,18,1.90,1.00,190,"Informational, Transactional","Video, People Also Ask, Popular Products, Related Searches, Image Pack, Site Links","0.64,0.50,0.50,0.14,0.14,0.14,0.14,0.21,0.28,1.00,0.07,0.14",20,,
us,rolex thin watch,luxury watch,,,,rolex watches,50,28,1.47,0.99,7080000,"Informational, Commercial","Site Links, Image, People Also Ask, Popular Products, Discussions And Forums, Image Pack, Video, Adwords Bottom, Video Carousel, Related Searches","0.28,0.28,0.64,0.35,0.50,0.28,0.35,0.50,0.28,0.14,0.14,0.14",20,,
us,rolex watch case for sale,luxury watch,,,,rolex watches,40,18,0.21,0.92,15100000,Transactional,"Image Pack, Site Links, Video, Image, People Also Ask, Popular Products, Related Searches","0.26,0.07,0.07,0.07,0.07,0.07,0.07,0.34,0.07,0.42,0.07,0.26",20,,
us,rolex watch men price in usa,luxury watch,,,,rolex watches,50,28,0.68,0.99,13900000,Transactional,"Video, Image, People Also Ask, Popular Products, Related Searches, Site Links","0.78,0.14,0.14,0.14,0.14,0.14,0.78,1.00,1.00,0.14,0.35,0.78",20,,
us,silver and black rolex,luxury watch,,,,rolex watches,90,26,2.17,1.00,174,"Informational, Transactional","Image Pack, Site Links, Video, People Also Ask, Related Searches","0.23,0.17,0.23,0.17,0.17,0.17,0.66,0.17,0.17,0.07,0.12,0.17",20,,
us,used rolex watches for sale womens,luxury watch,,,,rolex watches,90,20,0.40,1.00,128,Transactional,"Local Pack, Site Links, Video, Popular Products, Related Searches","0.15,0.65,0.65,0.42,0.53,0.19,0.11,0.19,0.80,0.42,0.80,0.65",20,,
us,what is a rolex worth,luxury watch,,,,rolex watches,50,22,1.51,0.53,138,Informational,"Reviews, Adwords Bottom, Video Carousel, People Also Ask, Related Searches, Discussions And Forums, Site Links, Video, Popular Products, AI Overview","0.11,1.00,0.11,0.41,0.29,0.11,0.11,0.11,0.52,0.11,0.11,0.11",20,,
us,women's rolex watch sale,luxury watch,,,,rolex watches,90,24,0.31,1.00,148,Transactional,"Site Links, Video, People Also Ask, Related Searches","0.15,0.15,1.00,0.15,0.09,0.34,0.03,0.21,0.15,0.43,0.15,0.28",20,,
us,average rolex watch price,luxury watch,,,,rolex watches,70,19,1.66,0.20,163,Transactional,"Image Pack, Site Links, Video, Image, Video Carousel, People Also Ask, Related Searches, AI Overview","0.06,0.21,0.21,0.43,0.09,0.28,0.21,0.53,0.34,0.06,0.28,0.15",20,,
us,tag heuer luxury watch,luxury watch,,,,tag heuer watches,90,26,1.91,1.00,204,Transactional,"Video, Video Carousel, People Also Ask, Popular Products, Adwords Middle, AI Overview, Site Links","0.52,0.80,0.09,0.52,0.23,0.33,0.33,0.52,0.66,0.42,0.52,0.23",20,,
us,tag heuer sport watch,luxury watch,,,,tag heuer watches,70,26,0.22,1.00,222,"Informational, Transactional","Site Links, Video, Adwords Bottom, People Also Ask, Related Searches, Image Pack","0.19,0.19,0.23,0.19,0.23,0.80,0.33,0.52,0.09,1.00,0.04,0.23",20,,
us,tag heuer men's carrera watch,luxury watch,,,,tag heuer watches,50,19,0.44,1.00,172,Transactional,"Adwords Bottom, Video Carousel, People Also Ask, Related Searches, Site Links, Video","0.45,1.00,0.36,1.00,0.09,0.27,0.00,0.00,0.81,0.45,0.18,0.45",20,,
us,watch tagheuer,luxury watch,,,,tag heuer watches,90,28,5.55,1.00,205,"Navigational, Transactional","Image, People Also Ask, Popular Products, Related Searches, Site Links, Video","0.18,0.54,0.06,0.06,0.02,0.29,0.22,0.22,0.29,0.00,0.29,0.43",20,,
us,ad watch dealer,luxury watch,,,,tag heuer watches,50,16,0.69,0.66,155,Informational,"Related Searches, AI Overview, Local Pack, Site Links, Video, Video Carousel, People Also Ask","0.14,0.78,0.78,0.78,0.14,0.14,0.28,0.14,0.14,0.21,0.14,0.21",20,,
us,tag heuer for sale near me,luxury watch,,,,tag heuer watches,30,17,1.53,1.00,22600000,Transactional,"People Also Ask, Popular Products, Related Searches, Local Pack, Site Links, Video, Image, Adwords Bottom","0.18,0.18,0.36,0.63,0.18,0.63,0.18,0.27,0.18,0.36,0.36,0.63",20,,
us,tag heuer link women's watch,luxury watch,,,,tag heuer watches,70,15,0.17,1.00,205,"Informational, Transactional","Site Links, Video, Image, Video Carousel, People Also Ask, Related Searches, Image Pack","0.35,1.00,0.78,0.64,0.50,0.35,0.28,0.64,0.35,0.00,0.14,0.50",20,,
us,tag heuer watch prices,luxury watch,,,,tag heuer watches,70,23,0.14,0.95,193,Transactional,"Adwords Bottom, Video Carousel, People Also Ask, Related Searches, AI Overview, Site Links, Video, Image","0.03,0.00,0.08,0.00,0.10,0.00,0.06,0.00,0.03,0.24,0.00,0.03",20,,
us,tag heuer watch women's,luxury watch,,,,tag heuer watches,40,17,0.79,1.00,187,Transactional,"Related Searches, Site Links, Video, Video Carousel, Popular Products","0.00,0.14,0.09,0.23,1.00,0.52,0.42,0.00,0.00,0.00,0.00,0.00",20,,
us,watchfinder omega,luxury watch,,,,tag heuer watches,40,25,1.19,1.00,937000,Informational,"Video, Image, Video Carousel, Related Searches, Discussions And Forums, Site Links","0.14,0.00,0.21,0.14,1.00,0.35,0.35,0.28,0.28,0.14,0.14,0.14",20,,
us,men's watches tag heuer,luxury watch,,,,tag heuer watches,70,21,0.87,1.00,197,Transactional,"Related Searches, Site Links, Video, Image, Adwords Bottom, Video Carousel, People Also Ask, Popular Products","0.02,0.00,0.24,0.00,0.00,0.00,0.00,0.01,0.00,0.00,0.00,1.00",20,,
us,mens tag heuer aquaracer,luxury watch,,,,tag heuer watches,90,27,0.34,1.00,195,"Navigational, Transactional","Site Links, Video, Image, Video Carousel, People Also Ask, Related Searches","0.41,0.64,0.52,0.41,0.52,0.23,0.82,0.64,1.00,0.52,0.52,0.64",20,,
us,tag heuer aquaracer vintage,luxury watch,,,,tag heuer watches,40,19,0.06,1.00,190,Informational,"Related Searches, Discussions And Forums, Image Pack, Site Links, Video, Image, Video Carousel, Popular Products","1.00,0.18,0.18,0.18,0.18,0.63,0.18,0.81,0.18,0.18,0.18,0.18",20,,
us,tag heuer aquaracer watches for sale,luxury watch,,,,tag heuer watches,70,22,0.67,1.00,163,Transactional,"Related Searches, Local Pack, Site Links, Video, People Also Ask","0.63,0.45,0.45,0.63,0.63,0.63,0.81,1.00,0.63,0.45,0.63,0.63",20,,
us,tag heuer carrera womens,luxury watch,,,,tag heuer watches,50,20,0.39,1.00,182,Informational,"Video, Image, Image Pack, Site Links","0.23,0.11,0.05,0.17,0.52,0.00,0.11,0.23,0.52,0.52,0.64,0.52",20,,
us,tag heuer dress watch,luxury watch,,,,tag heuer watches,90,22,0.49,1.00,202,"Informational, Transactional","Related Searches, Image Pack, Site Links, Video, Image, People Also Ask","0.22,0.18,0.22,0.14,0.14,0.22,0.14,0.22,0.22,0.14,0.22,0.18",20,,
us,tag heuer men watch,luxury watch,,,,tag heuer watches,90,18,1.90,1.00,212,"Informational, Transactional","Image, Adwords Top, People Also Ask, Related Searches, Image Pack, Site Links, Video, Adwords Bottom, Video Carousel, Popular Products","0.00,0.00,0.04,0.04,0.04,0.04,0.03,0.05,0.04,0.00,0.03,0.03",20,,
us,tag heuer sale watches,luxury watch,,,,tag heuer watches,40,25,0.44,1.00,162,Transactional,"Site Links, Video, People Also Ask, Popular Products, Related Searches","0.05,0.03,0.05,0.04,0.03,0.05,0.00,0.07,0.02,0.03,0.02,0.02",20,,
us,tag heuer aquaracer chronograph quartz,luxury watch,,,,tag heuer watches,40,15,0.30,1.00,177,"Informational, Transactional","Related Searches, Discussions And Forums, Image Pack, Site Links, Video, Image, Video Carousel","0.05,0.23,0.05,0.12,0.05,0.05,0.05,0.17,0.05,0.05,0.17,0.05",20,,
us,tag heuer gold silver watch,luxury watch,,,,tag heuer watches,70,17,1.09,1.00,224,"Informational, Transactional","Image Pack, Site Links, Video, Image, Related Searches","0.34,0.26,0.19,0.19,0.26,0.26,0.19,0.26,0.34,0.19,0.34,0.19",20,,
us,tag heuer on sale,luxury watch,,,,tag heuer watches,70,25,0.44,1.00,186,Transactional,"Image, Related Searches, AI Overview, Local Pack, Site Links, Video","0.11,0.06,0.15,0.15,0.11,0.03,0.18,0.18,0.11,0.06,0.08,0.11",20,,
us,tag heuer swiss made watches,luxury watch,,,,tag heuer watches,50,26,4.97,0.47,199,"Informational, Transactional","Video Carousel, People Also Ask, Related Searches, AI Overview, Site Links, Video","0.78,0.78,0.14,0.14,0.14,0.14,0.14,1.00,0.64,0.35,0.14,0.14",20,,
us,tag heuer watch on sale,luxury watch,,,,tag heuer watches,50,22,1.24,1.00,155,Transactional,"Video, People Also Ask, Related Searches, AI Overview, Site Links","0.14,0.14,0.33,0.04,0.33,0.33,0.52,0.42,0.52,0.33,0.33,0.42",20,,
us,tag watch price,luxury watch,,,,tag heuer watches,70,22,0.14,0.92,206,Transactional,"Site Links, Video, Image, People Also Ask, Related Searches, AI Overview, Image Pack","0.02,0.05,0.03,0.08,0.00,0.04,0.04,0.01,0.05,0.02,0.03,0.02",20,,
us,aqua racer tag heuer,luxury watch,,,,tag heuer watches,50,26,0.56,1.00,108,Transactional,"Video, Image, People Also Ask, Popular Products, Related Searches, Discussions And Forums, Site Links","0.05,1.00,0.07,0.00,0.02,0.00,0.00,0.00,0.00,0.00,0.00,0.00",20,,
us,new tag heuer,luxury watch,,,,tag heuer watches,50,18,6.53,1.00,200,"Informational, Transactional","Adwords Bottom, Video Carousel, People Also Ask, Popular Products, Related Searches, Image Pack, Site Links, Video","0.02,0.02,0.02,0.02,0.04,0.02,0.02,0.02,0.12,0.12,0.02,0.12",20,,
us,tag heuer aquaracer sale,luxury watch,,,,tag heuer watches,90,18,0.67,1.00,187,Transactional,"Site Links, Video, Image, People Also Ask, Related Searches","0.18,0.18,0.14,0.14,0.18,0.18,0.18,0.22,0.14,0.14,0.14,0.14",20,,
us,tag heuer blue watch,luxury watch,,,,tag heuer watches,90,18,1.18,1.00,201,"Informational, Transactional","Image Pack, Site Links, Video, Image, Video Carousel, People Also Ask, Popular Products, Related Searches","0.42,0.34,0.42,0.34,0.26,0.26,0.26,0.26,0.42,0.42,0.53,0.42",20,,
us,tag heuer diamond ladies watch,luxury watch,,,,tag heuer watches,90,21,0.32,0.99,214,"Informational, Transactional","Related Searches, Short Videos, Image Pack, Site Links, Video, People Also Ask","1.00,0.80,0.04,0.04,0.00,0.09,1.00,0.04,0.80,0.42,0.14,0.33",20,,
us,tag heuer dress watches,luxury watch,,,,tag heuer watches,40,24,1.23,1.00,6250000,"Informational, Transactional","Related Searches, Image Pack, Site Links, Video, Image, People Also Ask","0.11,0.11,0.11,0.11,0.11,0.11,0.11,0.11,0.11,0.11,0.11,0.11",20,,
us,tag heuer model,luxury watch,,,,tag heuer watches,30,25,4.39,0.59,206,"Informational, Commercial","Site Links, Video, Image, Adwords Bottom, Video Carousel, Related Searches, Image Pack, People Also Ask, Discussions And Forums, AI Overview","0.33,1.00,0.33,0.22,0.33,0.22,0.22,0.22,0.22,0.00,0.11,0.55",20,,
us,tag heuer watch for sale,luxury watch,,,,tag heuer watches,50,22,0.40,1.00,169,Transactional,"Related Searches, AI Overview, Site Links, Video, Image","0.10,0.10,0.08,0.08,0.00,0.14,0.18,0.10,0.14,0.14,0.06,0.10",20,,
us,used tag heuer watches near me,luxury watch,,,,tag heuer watches,70,17,0.60,1.00,174,Transactional,"Related Searches, Local Pack, Site Links, People Also Ask","0.42,0.07,0.15,0.26,0.26,0.07,0.26,0.42,0.15,0.07,0.11,0.11",20,,
us,how much are tag heuer watches,luxury watch,,,,tag heuer watches,40,22,0.11,0.91,139,Informational,"AI Overview, Site Links, Video, Image, Video Carousel, People Also Ask, Related Searches","0.77,0.22,0.44,0.33,0.44,0.55,0.55,1.00,0.77,0.11,0.33,1.00",20,,
us,men's tag heuer watch price,luxury watch,,,,tag heuer watches,50,21,0.55,1.00,191,Transactional,"Image, People Also Ask, Popular Products, Related Searches, Site Links, Video","0.12,0.17,0.17,0.05,0.28,0.17,0.00,0.17,0.17,0.12,0.05,0.05",20,,
us,sale tag heuer watches,luxury watch,,,,tag heuer watches,30,20,1.24,1.00,174,Transactional,"Popular Products, Related Searches, AI Overview, Site Links, Video, Image","0.07,0.00,0.14,0.07,0.14,0.07,0.28,0.14,0.07,0.00,0.00,0.14",20,,
us,tag heuer aquaracer chrono automatic,luxury watch,,,,tag heuer watches,70,25,0.28,0.98,170,Informational,"Site Links, Video, People Also Ask, Popular Products, Related Searches, Discussions And Forums, Image Pack","0.19,0.26,0.19,0.34,0.26,0.26,0.34,0.19,0.26,0.26,0.26,0.19",20,,
us,tag heuer aquaracer date,luxury watch,,,,tag heuer watches,70,22,0.83,1.00,181,"Informational, Commercial","Image Pack, Site Links, Video, Video Carousel, People Also Ask, Related Searches, AI Overview","0.35,0.78,0.78,0.14,0.78,0.14,0.78,1.00,0.28,0.14,0.28,0.14",20,,
us,tag heuer automatic watches for men,luxury watch,,,,tag heuer watches,40,20,0.82,1.00,5770000,Transactional,"Video, Image, Adwords Bottom, Video Carousel, People Also Ask, Related Searches, Site Links","0.55,0.33,0.44,0.33,0.00,0.44,0.77,0.22,1.00,0.44,0.33,0.77",20,,
us,tag heuer dealer nyc,luxury watch,,,,tag heuer watches,70,22,2.28,0.78,166,Transactional,"Reviews, Video, Related Searches, Local Pack, Site Links","0.78,0.78,0.14,0.14,0.14,0.14,0.78,1.00,0.78,0.14,0.14,0.14",20,,
us,tag heuer diamond watch ladies,luxury watch,,,,tag heuer watches,40,16,0.71,1.00,225,"Informational, Commercial","Image Pack, Site Links, Video, Image, People Also Ask, Popular Products, Related Searches","0.09,0.09,0.36,0.63,1.00,0.00,0.63,0.27,0.09,0.45,0.45,0.00",20,,
us,tag heuer gold women's watch,luxury watch,,,,tag heuer watches,70,16,1.02,1.00,218,"Informational, Commercial","Image Pack, Site Links, Video, Image, Related Searches","0.63,0.63,0.63,0.45,0.63,0.45,0.63,0.45,0.45,0.45,0.63,0.63",20,,
us,tag heuer women watch,luxury watch,,,,tag heuer watches,70,17,0.29,1.00,195,Transactional,"Related Searches, Short Videos, Image Pack, Site Links, Video, Image, Video Carousel, People Also Ask","0.06,0.04,0.04,0.03,0.13,0.00,0.06,0.00,0.00,0.05,0.08,0.06",20,,
us,tag heuer wrist watch price,luxury watch,,,,tag heuer watches,50,26,0.44,1.00,186,Transactional,"Site Links, Video, People Also Ask, Related Searches, AI Overview","0.00,0.00,0.00,0.00,0.00,0.00,0.07,0.00,0.07,0.00,0.00,0.00",20,,
us,tag heuer y series,luxury watch,,,,tag heuer watches,90,27,0.00,0.00,17500000,Informational,"Image Pack, Site Links, Video, Image, People Also Ask, Popular Products, Related Searches","0.52,0.41,0.52,0.52,0.52,0.82,0.64,0.82,1.00,0.64,0.64,0.00",20,,
us,trading watch,luxury watch,,,,tag heuer watches,70,18,2.32,0.23,183,"Informational, Commercial","Video Carousel, Popular Products, Related Searches, AI Overview, Site Links, Video","0.12,0.12,0.15,0.21,0.21,0.21,0.21,0.15,0.21,0.43,0.21,0.21",20,,
us,how much is a tag watch,luxury watch,,,,tag heuer watches,90,20,0.11,1.00,153,Informational,"Video Carousel, People Also Ask, Related Searches, AI Overview, Site Links, Video","0.42,0.33,0.33,0.42,0.52,0.52,0.52,0.66,0.66,0.33,0.52,0.52",20,,
us,is tag heuer swiss,luxury watch,,,,tag heuer watches,90,19,0.00,0.26,171,Informational,"Video Carousel, People Also Ask, Related Searches, AI Overview, Site Links, Video","0.78,0.64,0.50,0.78,0.64,0.50,0.78,1.00,0.64,0.50,0.78,0.78",20,,
us,men's tag heuer watch sale,luxury watch,,,,tag heuer watches,40,20,1.09,1.00,12800000,Transactional,"Site Links, Video, Image, People Also Ask, Popular Products, Related Searches","0.07,0.50,0.50,1.00,0.50,0.07,0.00,0.00,0.00,0.00,0.00,0.00",20,,
us,mens tag watch sale,luxury watch,,,,tag heuer watches,40,22,1.50,1.00,162,Transactional,"Related Searches, Site Links, Video, Image, People Also Ask, Popular Products","0.11,0.11,0.11,0.11,0.11,0.11,0.64,0.82,0.11,0.11,0.11,0.11",20,,
us,tag heuer aquaracer auto,luxury watch,,,,tag heuer watches,90,22,0.27,0.99,190,"Informational, Navigational","Site Links, Video, Video Carousel, Related Searches","0.53,1.00,0.00,0.06,0.03,0.00,0.15,0.00,0.81,0.43,0.21,0.43",20,,
us,tag heuer aquaracer black dial,luxury watch,,,,tag heuer watches,70,23,0.30,1.00,192,"Navigational, Transactional","Video, People Also Ask, Popular Products, Related Searches, Image Pack, Site Links","0.14,0.21,0.78,0.78,0.14,0.14,0.28,1.00,0.78,0.14,0.78,0.35",20,,
us,tag heuer aquaracer chronograph automatic,luxury watch,,,,tag heuer watches,90,27,0.28,0.98,196,"Informational, Navigational","Image Pack, Site Links, Video, Image, People Also Ask, Popular Products, Related Searches","0.52,0.52,0.41,0.52,0.64,0.41,0.64,0.52,0.41,0.23,0.29,0.17",20,,
us,tag heuer gold watch womens,luxury watch,,,,tag heuer watches,70,19,0.47,1.00,235,Informational,"Site Links, Reviews, Video, People Also Ask, Popular Products, Related Searches, Image Pack","0.63,0.63,0.36,0.45,0.63,0.45,0.63,1.00,0.45,0.45,0.63,0.63",20,,
us,tag heuer titanium watch,luxury watch,,,,tag heuer watches,70,20,0.65,1.00,204,"Informational, Commercial","Site Links, Video, Image, Video Carousel, People Also Ask, Popular Products, Related Searches, Image Pack","0.07,0.42,0.07,0.07,0.07,0.42,0.42,0.53,0.53,0.42,0.34,0.42",20,,
us,tag heuer used watches for sale,luxury watch,,,,tag heuer watches,70,21,0.27,1.00,165,Transactional,"AI Overview, Site Links, Video, People Also Ask, Popular Products, Related Searches","0.78,1.00,0.35,0.35,0.28,0.28,0.50,0.78,0.35,0.64,0.50,0.50",20,,
us,tag heuer watches / women,luxury watch,,,,tag heuer watches,40,15,0.29,1.00,192,Transactional,"Video, People Also Ask, Related Searches, Site Links","0.15,0.19,0.34,0.07,0.26,0.26,0.07,0.00,0.00,0.00,0.00,0.00",20,,
us,tag watch cost,luxury watch,,,,tag heuer watches,90,24,0.40,1.00,252000000,"Informational, Commercial","Site Links, Video, Image, People Also Ask, Popular Products, Related Searches, AI Overview","0.07,0.07,0.07,0.14,0.07,0.09,0.11,0.11,0.09,0.05,0.11,0.09",20,,
us,titanium tag heuer watch,luxury watch,,,,tag heuer watches,70,15,0.65,1.00,4630000,"Informational, Commercial","Image, Video Carousel, People Also Ask, Popular Products, Related Searches, Image Pack, Site Links, Video","0.14,0.78,0.14,0.14,0.14,0.78,0.78,1.00,1.00,0.78,0.64,0.78",20,,
us,affordable tag watches,luxury watch,,,,tag heuer watches,40,23,0.57,1.00,168,"Informational, Commercial","Site Links, Video, Video Carousel, People Also Ask, Related Searches, Local Pack","0.18,1.00,0.18,0.18,0.18,0.18,1.00,0.18,0.18,0.18,0.18,0.18",20,,
us,black face tag heuer,luxury watch,,,,tag heuer watches,30,17,0.72,1.00,247,"Informational, Transactional","People Also Ask, Related Searches, Discussions And Forums, Image Pack, Site Links, Video, Image","1.00,0.18,0.18,0.18,0.18,0.18,0.18,0.18,0.18,0.18,0.18,0.18",20,,
us,breitling boutique near me,luxury watch,,,,tag heuer watches,90,20,2.43,0.60,184,"Navigational, Transactional","Related Searches, Local Pack, Site Links, Video, People Also Ask","0.64,0.52,0.52,0.64,0.52,0.41,0.64,0.82,0.82,0.64,0.64,1.00",20,,
us,grey market watch,luxury watch,,,,tag heuer watches,70,17,0.33,1.00,106,Informational,"Site Links, Video, Video Carousel, People Also Ask, Related Searches, Image Pack","0.09,0.12,0.09,0.09,0.09,0.09,0.09,0.09,0.15,0.09,0.09,0.12",20,,
us,his and hers tag heuer watches,luxury watch,,,,tag heuer watches,30,16,1.20,1.00,114,"Informational, Transactional","People Also Ask, Related Searches, Discussions And Forums, Image Pack, Site Links, Video, Image","0.14,0.14,0.14,0.14,0.78,0.14,0.14,0.14,0.14,0.14,0.14,0.78",20,,
us,hodinkee tag heuer,luxury watch,,,,tag heuer watches,50,20,0.00,1.00,175,"Informational, Transactional","Image Pack, Reviews, Video, Video Carousel, Popular Products, Related Searches","0.09,0.06,0.09,0.06,0.02,0.04,0.02,0.02,0.15,0.15,0.04,0.02",90,,
us,new tag heuer watch,luxury watch,,,,tag heuer watches,50,29,1.02,1.00,220,"Informational, Commercial","People Also Ask, Related Searches, Image Pack, Site Links, Video, Video Carousel","0.36,0.45,1.00,0.63,0.81,0.45,0.45,0.45,0.09,0.09,0.09,0.18",20,,
us,tag heuer 0234 watch,luxury watch,,,,tag heuer watches,90,15,0.00,0.32,168,"Informational, Commercial","Site Links, Video, People Also Ask, Related Searches, AI Overview","1.00,0.18,0.18,1.00,1.00,1.00,1.00,0.81,0.81,0.63,0.63,0.18",20,,
us,tag heuer aquaracer cost,luxury watch,,,,tag heuer watches,70,26,0.16,1.00,185,"Informational, Commercial","People Also Ask, Popular Products, Related Searches, AI Overview, Site Links, Video, Image","0.00,0.00,0.06,0.05,0.08,0.08,0.03,0.03,0.08,0.05,0.10,0.05",20,,
us,tag heuer aquaracer diamond ladies watch,luxury watch,,,,tag heuer watches,40,20,1.00,1.00,192,Transactional,"Video Carousel, People Also Ask, Related Searches, Image Pack, Site Links, Video","0.26,0.19,0.07,0.07,0.07,0.07,0.07,0.07,0.07,0.07,0.07,0.07",20,,
us,tag heuer men watches sale,luxury watch,,,,tag heuer watches,70,24,0.34,1.00,184,Transactional,"Site Links, Video, Image, People Also Ask, Related Searches, AI Overview","0.53,1.00,0.80,0.03,0.07,0.07,0.07,0.07,0.07,0.07,0.07,0.07",20,,
us,tag heuer professional watch,luxury watch,,,,tag heuer watches,70,26,1.36,1.00,7080000,Informational,"Site Links, Video, Image, People Also Ask, Popular Products, Related Searches, Discussions And Forums, Image Pack","0.09,0.09,0.12,0.12,0.12,0.12,0.06,0.09,0.09,0.06,0.02,0.05",20,,
us,tag heuer watch blue,luxury watch,,,,tag heuer watches,90,15,0.29,1.00,176,"Informational, Transactional","Image Pack, Site Links, Reviews, Video, Image, People Also Ask, Related Searches","0.64,0.64,0.78,0.64,0.50,0.64,0.50,0.50,0.78,0.78,1.00,0.78",20,,
us,watch finder uk,luxury watch,,,,tag heuer watches,40,23,0.77,0.74,117,Transactional,"Site Links, Reviews, Video, People Also Ask, Related Searches","0.35,0.28,0.21,0.28,0.14,0.21,0.21,0.28,0.35,0.28,0.35,0.35",20,,
us,white dial tag heuer,luxury watch,,,,tag heuer watches,90,16,0.78,1.00,197,"Informational, Transactional","Site Links, Video, Image, Video Carousel, Popular Products, Related Searches, Discussions And Forums, Image Pack","0.50,0.78,0.64,0.50,0.78,1.00,0.35,0.50,0.78,0.50,1.00,0.64",20,,
us,quartz tag heuer watch,luxury watch,,,,tag heuer watches,70,22,0.17,1.00,194,Transactional,"Related Searches, Discussions And Forums, Site Links, Video, Video Carousel, People Also Ask","0.65,0.65,0.00,0.00,0.00,0.00,1.00,0.00,1.00,0.00,0.00,0.00",20,,
us,tag heuer boutique near me,luxury watch,,,,tag heuer watches,40,26,1.71,0.90,112,"Navigational, Transactional","People Also Ask, Related Searches, AI Overview, Local Pack, Site Links, Video","0.14,0.09,0.19,0.33,0.52,0.09,0.14,0.33,0.23,0.23,0.23,0.23",20,,
us,tag heuer carrera tourbillon,luxury watch,,,,tag heuer watches,90,15,0.28,1.00,177,Transactional,"Image Pack, Site Links, Video, Image, Video Carousel, Popular Products, Related Searches","0.12,0.12,0.12,0.07,0.10,0.10,0.10,0.07,0.10,0.07,0.10,0.07",20,,
us,tag heuer dallas,luxury watch,,,,tag heuer watches,90,15,0.86,0.94,67,Informational,"Knowledge Panel, Reviews, People Also Ask","0.81,0.81,0.63,0.63,0.63,0.81,0.63,0.81,0.63,0.63,0.81,1.00",70,,
us,tag heuer for ladies watches,luxury watch,,,,tag heuer watches,70,24,0.79,1.00,153,Transactional,"Knowledge Panel, Image Pack, Site Links, Video, People Also Ask","0.00,0.00,0.00,0.00,0.00,0.00,0.00,0.00,0.00,0.00,0.00,0.00",20,,
us,tag heuer shop new york,luxury watch,,,,tag heuer watches,70,20,2.28,0.78,90,"Informational, Transactional","Video, People Also Ask, Related Searches, Knowledge Panel, Site Links, Reviews","0.78,0.78,0.14,0.14,0.14,0.14,0.78,1.00,0.78,0.14,0.14,0.14",20,,
us,tag heuer vintage chronograph,luxury watch,,,,tag heuer watches,70,17,0.00,0.99,178,Informational,"Popular Products, Image Pack, Site Links, Video, Image, People Also Ask","0.05,0.05,0.04,0.02,0.00,0.02,0.03,0.01,0.05,0.02,0.07,0.03",20,,
us,tag heuer vintage watches for sale,luxury watch,,,,tag heuer watches,40,19,0.29,0.99,204,Transactional,"Popular Products, Related Searches, Local Pack, Site Links, Video, Image","0.18,0.18,0.18,1.00,1.00,0.18,0.18,0.18,0.18,0.00,0.18,0.18",20,,
us,tag heuer watch green,luxury watch,,,,tag heuer watches,90,19,1.50,1.00,213,"Informational, Transactional","Related Searches, Short Videos, Image Pack, Site Links, Video, People Also Ask, Popular Products","0.00,0.66,0.42,0.33,0.52,0.52,0.19,0.52,0.80,0.52,1.00,0.33",20,,
us,tag heuer watch professional 200 meters,luxury watch,,,,tag heuer watches,90,19,0.62,0.98,211,"Informational, Commercial","Site Links, Video, Image, Video Carousel, People Also Ask, Popular Products, Discussions And Forums, Image Pack","0.50,0.50,0.50,0.50,0.64,0.28,0.64,0.64,0.78,0.50,0.50,0.50",20,,
us,vintage tag heuer watches for sale,luxury watch,,,,tag heuer watches,50,23,0.29,0.99,226,Transactional,"Video, Image, Popular Products, Related Searches, Local Pack, Image Pack, Site Links","0.18,0.63,0.45,1.00,1.00,0.18,0.63,0.81,0.81,0.18,0.81,0.18",20,,
us,chrono24 vacheron constantin,luxury watch,,,,tag heuer watches,30,17,2.80,0.36,2130000,"Navigational, Transactional","Popular Products, Related Searches, Discussions And Forums, Site Links, Video, Image, People Also Ask","0.17,0.17,0.17,0.23,0.23,0.11,0.17,0.29,0.29,0.52,0.23,1.00",20,,
us,patek philippe watches near me,luxury watch,,,,tag heuer watches,40,24,0.68,0.82,174,"Navigational, Transactional","Local Pack, Site Links, Video, People Also Ask, Related Searches","0.27,0.18,0.27,0.27,0.36,0.36,0.18,0.63,1.00,0.36,0.45,0.27",20,,
us,tag heuer 200 professional,luxury watch,,,,tag heuer watches,50,17,1.43,1.00,183,"Informational, Commercial","Image Pack, Site Links, Video, People Also Ask, Popular Products, Related Searches, Image, Discussions And Forums, AI Overview","0.23,0.17,0.29,0.29,0.17,1.00,0.41,0.52,0.11,0.41,0.05,0.23",20,,
us,tag heuer aquaracer pro 300,luxury watch,,,,tag heuer watches,70,26,0.75,1.00,172,Transactional,"Related Searches, Discussions And Forums, Site Links, Video, Image, Video Carousel","0.00,1.00,0.00,0.00,0.00,0.00,0.00,0.00,1.00,1.00,0.00,0.00",20,,
us,tag heuer aquaracer quarz,luxury watch,,,,tag heuer watches,40,20,0.32,1.00,189,"Informational, Transactional","People Also Ask, Related Searches, Image Pack, Site Links, Video, Video Carousel","0.71,0.71,1.00,0.71,0.57,0.42,0.57,0.57,1.00,0.14,0.14,0.71",20,,
us,tag heuer atlanta,luxury watch,,,,tag heuer watches,50,21,2.46,1.00,172,Transactional,"Knowledge Panel, Site Links, Video, Popular Products, Related Searches","0.78,0.14,0.14,0.14,0.28,0.14,0.14,1.00,0.14,0.14,0.14,0.35",20,,
us,tag heuer carrera 02t,luxury watch,,,,tag heuer watches,90,21,0.74,1.00,168,"Informational, Transactional","Image Pack, Site Links, Video, Image, Video Carousel, Popular Products, Related Searches","0.50,1.00,0.50,0.64,0.64,0.50,0.35,0.35,0.50,0.50,0.64,0.64",20,,
us,tag heuer carrera 36mm,luxury watch,,,,tag heuer watches,70,27,0.71,1.00,190,"Informational, Transactional","Video, Image, Video Carousel, People Also Ask, Popular Products, Related Searches, Image Pack, Site Links","0.14,0.10,0.14,0.14,0.14,0.04,0.22,0.29,0.04,0.06,0.22,0.04",20,,
us,tag heuer dive watches,luxury watch,,,,tag heuer watches,90,16,0.16,1.00,210,Transactional,"Video Carousel, People Also Ask, Related Searches, Discussions And Forums, Site Links, Video, Image","0.10,0.06,0.14,0.18,0.10,0.14,1.00,0.10,0.14,0.10,0.10,0.14",20,,
us,tag heuer formula 1 43mm,luxury watch,,,,tag heuer watches,30,24,0.90,1.00,193,"Navigational, Transactional","Image Pack, Site Links, Video, Image, Video Carousel, People Also Ask, Related Searches","0.23,0.17,0.23,0.29,0.11,0.11,0.11,0.11,0.11,0.11,0.11,0.11",20,,
us,tag heuer green aquaracer,luxury watch,,,,tag heuer watches,30,20,1.20,1.00,1120000,"Informational, Transactional","Video Carousel, Popular Products, Related Searches, Discussions And Forums, Image Pack, Site Links, Video, Image","0.78,0.14,0.14,0.14,0.14,0.14,0.14,0.14,0.14,0.14,0.14,0.14",20,,
us,tag heuer professional 200 meters quartz,luxury watch,,,,tag heuer watches,70,20,0.00,1.00,195,Informational,"Related Searches, Discussions And Forums, Image Pack, Site Links, Video, Image, Video Carousel, People Also Ask","0.18,0.18,0.18,1.00,1.00,0.18,1.00,0.18,0.18,1.00,0.18,0.18",20,,
us,tag heuer watch blue face,luxury watch,,,,tag heuer watches,50,17,0.41,1.00,208,Informational,"Site Links, Reviews, Video, Image, People Also Ask, Popular Products, Related Searches, Image Pack","0.66,0.52,0.00,0.04,0.00,0.14,0.66,0.04,0.52,0.23,0.33,0.19",20,,
us,value of tag heuer watch,luxury watch,,,,tag heuer watches,50,19,1.52,0.81,118,"Informational, Commercial","Site Links, Video, People Also Ask, Related Searches, Discussions And Forums, AI Overview","0.71,0.71,0.71,0.71,1.00,0.28,0.71,0.71,0.57,1.00,0.28,0.71",20,,
us,where is tag heuer from,luxury watch,,,,tag heuer watches,70,18,0.00,0.22,140,Informational,"Site Links, Video, Video Carousel, People Also Ask, Related Searches, AI Overview","0.64,0.11,0.64,1.00,0.11,0.11,0.64,0.11,0.11,0.41,0.11,0.11",20,,
us,gold oyster rolex,luxury watch,,,,rolex oyster perpetual watches,70,28,1.33,1.00,10900000,"Informational, Transactional","Popular Products, Related Searches, Image Pack, Site Links, Video, Image, Adwords Bottom, People Also Ask","0.45,0.45,0.63,1.00,0.63,0.45,0.63,1.00,0.45,1.00,0.81,1.00",20,,
us,rolex watch gold mens,luxury watch,,,,rolex oyster perpetual watches,70,28,1.68,1.00,188,Transactional,"Video Carousel, People Also Ask, Image Pack, Site Links, Video","0.29,0.54,0.08,0.06,0.02,0.43,0.02,0.06,0.04,0.00,0.04,0.54",20,,
us,rolex oyster perpetual date two tone,luxury watch,,,,rolex oyster perpetual watches,50,23,0.60,0.95,192,"Informational, Transactional","Related Searches, Image Pack, Site Links, Video, Image, People Also Ask, Popular Products","0.09,0.09,0.09,0.09,0.52,0.66,1.00,0.09,0.09,0.09,0.09,0.09",20,,
us,rolex oyster perpetual with date,luxury watch,,,,rolex oyster perpetual watches,50,29,1.63,1.00,7150000,Informational,"Related Searches, AI Overview, Site Links, Video, Image, Adwords Bottom, People Also Ask","0.00,0.00,0.01,1.00,0.00,0.00,0.00,0.01,0.01,0.01,0.01,0.01",20,,
us,rolex watches gold,luxury watch,,,,rolex oyster perpetual watches,70,23,1.85,1.00,187,"Informational, Transactional","People Also Ask, Related Searches, Image Pack, Site Links, Video, Image","0.09,0.07,0.05,0.48,0.01,0.01,0.02,0.03,0.02,0.02,0.03,0.72",20,,
us,rolex gold watch men,luxury watch,,,,rolex oyster perpetual watches,90,22,1.85,1.00,181,"Informational, Transactional","Image, People Also Ask, Related Searches, Image Pack, Site Links, Video","0.13,0.13,0.16,0.01,0.06,0.02,0.03,0.06,0.02,0.02,0.00,0.05",20,,
us,rolex solid gold watch,luxury watch,,,,rolex oyster perpetual watches,70,17,1.46,1.00,9500000,"Informational, Transactional","Discussions And Forums, Image Pack, Site Links, Video, Image, People Also Ask, Related Searches","0.04,0.00,0.04,0.08,0.06,1.00,0.22,0.08,0.00,0.22,0.43,0.04",20,,
us,rolex watch two tone,luxury watch,,,,rolex oyster perpetual watches,30,22,1.64,1.00,193,"Informational, Transactional","Site Links, Video, Image, Popular Products, Related Searches, Image Pack","0.00,0.12,0.10,0.07,0.05,0.00,0.05,0.12,0.00,1.00,0.02,0.02",20,,
us,solid gold watch rolex,luxury watch,,,,rolex oyster perpetual watches,30,15,1.72,0.55,179,"Informational, Transactional","Image, Video Carousel, People Also Ask, Popular Products, Related Searches, Image Pack, Site Links, Video","0.45,0.63,1.00,0.18,0.00,0.00,0.00,0.00,0.00,0.00,0.00,0.00",20,,
us,gold watch men rolex,luxury watch,,,,rolex oyster perpetual watches,40,23,1.52,1.00,191,"Informational, Transactional","Image Pack, Site Links, Video, Image, People Also Ask, Popular Products, Related Searches","0.03,0.01,0.03,0.05,0.01,0.00,0.44,0.01,1.00,0.01,0.01,0.06",20,,
us,gold watch rolex men,luxury watch,,,,rolex oyster perpetual watches,70,21,1.46,1.00,186,Transactional,"Video, Image, Video Carousel, Popular Products, Related Searches, Site Links","0.00,0.00,0.02,0.01,0.00,0.00,0.00,0.00,0.00,0.01,0.00,0.02",20,,
us,how much rolex oyster perpetual,luxury watch,,,,rolex oyster perpetual watches,30,23,2.75,0.96,170,Informational,"Discussions And Forums, AI Overview, Site Links, Video, People Also Ask, Popular Products, Related Searches","0.03,0.03,0.03,0.00,0.15,0.00,0.03,0.00,0.03,0.03,0.00,0.03",20,,
us,men gold rolex,luxury watch,,,,rolex oyster perpetual watches,50,28,1.82,1.00,178,"Informational, Transactional","Image Pack, Site Links, Video, Related Searches","0.03,0.01,0.05,0.06,0.08,0.04,0.01,0.02,0.01,0.00,0.01,0.01",20,,
us,mens 18k gold rolex,luxury watch,,,,rolex oyster perpetual watches,90,16,1.85,1.00,189,Transactional,"Related Searches, Site Links, Video, Video Carousel, People Also Ask","0.78,0.78,0.50,0.64,0.50,0.64,0.50,0.50,0.50,0.50,0.50,0.35",20,,
us,mens rolex gold,luxury watch,,,,rolex oyster perpetual watches,50,20,1.73,1.00,177,Transactional,"Image Pack, Site Links, Reviews, Video, Related Searches","0.01,0.00,0.01,0.00,0.00,0.00,0.08,0.01,0.01,0.00,0.00,0.00",20,,
us,oyster two tone rolex,luxury watch,,,,rolex oyster perpetual watches,40,17,1.38,1.00,189,Transactional,"Image Pack, Site Links, Video, People Also Ask, Related Searches, Discussions And Forums","1.00,0.14,0.21,0.07,0.14,0.35,0.50,0.14,0.14,0.35,0.07,0.21",20,,
us,real gold rolex watch,luxury watch,,,,rolex oyster perpetual watches,90,24,0.43,1.00,182,Transactional,"Site Links, Video, Image, Video Carousel, People Also Ask, Popular Products, Related Searches","0.64,0.41,0.52,0.64,0.52,0.52,0.52,0.64,0.64,0.52,0.52,0.52",20,,
us,rolex dual tone,luxury watch,,,,rolex oyster perpetual watches,40,19,2.23,1.00,182,Transactional,"Related Searches, Image Pack, Site Links, Reviews, Video, Video Carousel, People Also Ask, Popular Products","0.14,0.78,0.21,0.21,0.14,0.14,0.21,1.00,0.14,0.14,0.28,0.78",20,,
us,rolex gold oyster perpetual,luxury watch,,,,rolex oyster perpetual watches,90,25,1.25,1.00,192,Transactional,"Video, Video Carousel, People Also Ask, Popular Products, Related Searches, Image Pack, Site Links","0.09,0.07,0.26,0.07,0.05,0.05,0.04,0.09,0.07,0.03,0.05,0.11",20,,
us,rolex gold watch mens,luxury watch,,,,rolex oyster perpetual watches,30,15,1.46,1.00,198,Transactional,"Popular Products, Related Searches, Image Pack, Site Links, Video, Image","1.00,0.18,0.18,0.27,0.09,0.09,0.09,0.09,0.09,0.00,0.00,0.27",20,,
us,rolex gold watch models,luxury watch,,,,rolex oyster perpetual watches,50,23,0.00,1.00,188,"Informational, Commercial","Site Links, Video, Image, Video Carousel, Popular Products, Related Searches, AI Overview, Image Pack","0.14,0.78,1.00,0.14,0.14,0.00,0.14,0.14,0.14,0.14,0.00,0.14",20,,
us,rolex golden,luxury watch,,,,rolex oyster perpetual watches,70,26,1.81,1.00,209,"Informational, Transactional","Site Links, Video, Image, Adwords Bottom, Video Carousel, People Also Ask, Related Searches, Image Pack","0.72,0.02,0.01,0.00,0.00,0.00,0.00,0.00,0.00,0.00,0.00,0.00",20,,
us,rolex oyster perpetual chronometer watch,luxury watch,,,,rolex oyster perpetual watches,40,25,1.66,0.93,198,Informational,"Related Searches, AI Overview, Site Links, Video, Video Carousel, People Also Ask","0.11,0.11,0.11,0.11,0.11,0.11,0.11,0.11,0.64,0.64,1.00,0.41",20,,
us,rolex oyster perpetual mens gold,luxury watch,,,,rolex oyster perpetual watches,70,21,1.22,1.00,197,Transactional,"Site Links, Video, Video Carousel, Popular Products, Related Searches","1.00,1.00,0.18,1.00,0.18,0.63,0.45,0.18,0.45,0.63,0.63,0.18",20,,
us,rolex oyster perpetual value,luxury watch,,,,rolex oyster perpetual watches,90,19,1.98,0.54,189,Informational,"Image, Video Carousel, People Also Ask, Related Searches, AI Overview, Site Links, Reviews, Video","0.64,0.78,0.64,0.64,0.50,0.35,0.78,0.50,0.50,0.78,0.35,0.64",20,,
us,stainless steel gold rolex,luxury watch,,,,rolex oyster perpetual watches,90,26,1.47,1.00,191,Transactional,"Site Links, Video, Video Carousel, People Also Ask, Related Searches","0.64,0.50,0.50,0.64,0.64,0.64,0.64,0.78,0.64,0.64,0.78,0.78",20,,
us,stainless steel rolex oyster perpetual,luxury watch,,,,rolex oyster perpetual watches,40,24,1.93,1.00,162,Transactional,"Site Links, Video, Video Carousel, People Also Ask, Related Searches","0.28,0.21,0.28,0.28,0.50,0.21,0.35,0.28,0.35,0.07,0.14,1.00",20,,
us,two tone oyster rolex,luxury watch,,,,rolex oyster perpetual watches,40,18,1.38,1.00,189,"Informational, Transactional","Discussions And Forums, Image Pack, Site Links, Video, People Also Ask, Related Searches","0.77,0.33,0.33,0.11,0.77,0.33,0.77,0.22,0.22,0.55,0.11,0.33",20,,
us,gold rolex wrist watch,luxury watch,,,,rolex oyster perpetual watches,90,25,1.52,0.95,190,"Informational, Transactional","Popular Products, Related Searches, Image Pack, Site Links, Video, Image, Video Carousel, People Also Ask","0.06,0.34,0.65,0.21,0.21,0.15,0.28,0.43,0.43,0.65,0.65,1.00",20,,
us,men's yellow gold rolex,luxury watch,,,,rolex oyster perpetual watches,30,26,1.47,1.00,193,Transactional,"Site Links, Video, Image, People Also Ask, Popular Products, Related Searches","0.27,0.00,0.18,0.18,0.18,0.18,0.00,0.18,0.18,0.18,0.18,0.18",20,,
us,new gold rolex watch,luxury watch,,,,rolex oyster perpetual watches,40,27,1.85,1.00,178,"Informational, Commercial","Related Searches, AI Overview, Image Pack, Site Links, Video, Video Carousel, Image, People Also Ask, Popular Products","0.63,0.63,0.00,0.00,0.00,0.45,0.18,0.36,0.45,0.45,0.36,0.63",20,,
us,plain gold rolex watch,luxury watch,,,,rolex oyster perpetual watches,70,27,1.45,1.00,209,"Informational, Transactional","Popular Products, Related Searches, Image Pack, Site Links, Video, Video Carousel, People Also Ask","1.00,0.78,0.35,0.64,0.50,0.50,0.35,0.50,0.50,0.35,0.78,0.50",20,,
us,rolex oyster perpetual date swiss made,luxury watch,,,,rolex oyster perpetual watches,50,19,0.00,1.00,192,Informational,"AI Overview, Image Pack, Site Links, Video, Video Carousel, People Also Ask, Related Searches","0.18,0.18,0.18,0.18,0.18,0.18,0.18,0.18,0.18,0.18,0.18,0.18",20,,
us,rolex oyster perpetual gold watch,luxury watch,,,,rolex oyster perpetual watches,70,24,1.27,1.00,230,Transactional,"Image Pack, Site Links, Video, Video Carousel, People Also Ask, Related Searches","0.00,0.08,0.23,0.00,0.06,0.01,0.00,0.01,0.00,0.00,0.00,0.00",20,,
us,rolex oyster perpetual worth,luxury watch,,,,rolex oyster perpetual watches,90,19,1.47,0.91,2450000,"Informational, Commercial","People Also Ask, Related Searches, Discussions And Forums, Image Pack, Site Links, Video, Image, Video Carousel","1.00,1.00,1.00,0.81,0.63,0.81,0.81,0.45,0.45,0.45,0.36,0.45",20,,
us,rolex perpetual watch,luxury watch,,,,rolex oyster perpetual watches,70,23,0.85,0.97,208,Transactional,"Site Links, Video, People Also Ask, Popular Products, Related Searches","0.09,0.09,0.52,0.52,0.52,0.66,0.33,0.52,1.00,0.33,0.23,0.52",20,,
us,rolex yellow gold watch,luxury watch,,,,rolex oyster perpetual watches,50,29,1.47,0.98,21200000,Transactional,"Site Links, Video, Image, Video Carousel, People Also Ask, Related Searches, Image Pack","0.18,0.18,1.00,1.00,0.18,1.00,1.00,0.36,1.00,1.00,0.36,0.36",20,,
us,buy rolex oyster perpetual,luxury watch,,,,rolex oyster perpetual watches,90,28,2.13,0.99,8540000,Transactional,"Site Links, Video, Image, People Also Ask, Popular Products, Related Searches, Local Pack","0.26,0.26,0.42,0.19,0.19,0.19,0.26,0.42,0.42,0.15,0.15,0.15",20,,
us,gold men's rolex oyster perpetual,luxury watch,,,,rolex oyster perpetual watches,90,20,1.10,0.99,201,Transactional,"Image Pack, Site Links, Video, Video Carousel, People Also Ask, Related Searches","0.78,0.78,0.50,1.00,0.78,0.64,0.21,0.50,0.50,0.35,0.35,0.50",20,,
us,gold mens rolex for sale,luxury watch,,,,rolex oyster perpetual watches,50,23,0.32,1.00,158,Transactional,"People Also Ask, Related Searches, Local Pack, Site Links, Video","0.52,0.33,0.14,0.14,0.09,0.00,0.42,0.14,0.42,0.04,0.00,0.04",20,,
us,gold rolex watch with diamonds,luxury watch,,,,rolex oyster perpetual watches,90,22,1.85,1.00,212,"Informational, Commercial","Related Searches, AI Overview, Image Pack, Site Links, Video, Image, Video Carousel, People Also Ask","0.34,0.09,0.03,0.53,0.21,0.53,0.12,0.06,0.21,0.00,0.21,0.21",20,,
us,gold rolex with diamonds mens,luxury watch,,,,rolex oyster perpetual watches,70,21,1.45,1.00,219,"Informational, Transactional","Related Searches, Image Pack, Site Links, Video, Image, Video Carousel, People Also Ask, Popular Products","0.33,0.33,0.33,0.23,0.33,0.19,0.33,0.33,0.33,0.33,0.33,0.23",20,,
us,gold watch for men rolex,luxury watch,,,,rolex oyster perpetual watches,90,20,1.46,1.00,27900000,Transactional,"Site Links, Video, Image, Adwords Bottom, Popular Products, Related Searches, Image Pack","0.00,1.00,0.00,0.00,0.00,0.00,0.00,0.00,0.00,0.00,0.00,0.00",20,,
us,how much is rolex oyster perpetual,luxury watch,,,,rolex oyster perpetual watches,90,22,2.73,0.87,151,Informational,"Popular Products, Related Searches, AI Overview, Site Links, Reviews, Video, Image, People Also Ask","0.28,0.12,0.10,0.28,0.23,0.10,0.28,0.17,0.23,0.12,0.12,0.10",20,,
us,mens gold rolex with diamonds,luxury watch,,,,rolex oyster perpetual watches,50,17,1.45,1.00,199,Transactional,"Popular Products, Related Searches, Image Pack, Site Links, Video, Video Carousel","0.71,0.57,0.71,1.00,1.00,0.57,0.71,1.00,0.71,0.71,0.57,0.42",20,,
us,mens oyster perpetual rolex,luxury watch,,,,rolex oyster perpetual watches,50,28,1.95,1.00,196,Transactional,"Popular Products, Related Searches, Site Links, Reviews, Video, Video Carousel, People Also Ask","0.02,0.03,0.05,0.01,0.03,0.03,0.02,0.05,0.06,0.02,0.03,0.03",20,,
us,oyster perpetual rolex for sale,luxury watch,,,,rolex oyster perpetual watches,70,21,0.33,0.09,157,Transactional,"Local Pack, Site Links, Video, Related Searches","0.10,0.07,1.00,0.10,0.07,0.07,0.12,0.12,0.10,0.07,0.12,0.17",20,,
us,oyster perpetual rolex watch,luxury watch,,,,rolex oyster perpetual watches,50,23,1.67,0.22,209,Transactional,"Site Links, Video, Video Carousel, People Also Ask, Popular Products, Related Searches","0.03,0.04,0.05,0.01,0.00,0.00,0.00,0.00,0.02,0.00,0.00,0.00",20,,
us,perpetual rolex watch,luxury watch,,,,rolex oyster perpetual watches,90,16,1.04,1.00,209,"Informational, Transactional","Site Links, Video, People Also Ask, Related Searches, Short Videos","0.11,0.23,1.00,0.05,0.23,0.52,0.64,0.64,0.52,0.52,1.00,0.64",20,,
us,price rolex watch oyster perpetual,luxury watch,,,,rolex oyster perpetual watches,90,29,2.75,0.92,196,Transactional,"Video, Image, People Also Ask, Popular Products, Related Searches, AI Overview, Image Pack, Site Links","0.66,0.66,0.33,0.42,0.42,0.52,0.66,0.66,1.00,0.52,0.52,0.66",20,,
us,rolex gold watch with diamonds,luxury watch,,,,rolex oyster perpetual watches,40,24,1.85,1.00,215,"Informational, Transactional","Popular Products, Related Searches, Short Videos, Image Pack, Site Links, Video, People Also Ask","0.77,0.44,0.33,0.22,0.77,0.33,0.22,0.44,0.55,0.33,0.44,0.55",20,,
us,rolex oyster diamond,luxury watch,,,,rolex oyster perpetual watches,70,24,1.33,0.98,195,"Informational, Transactional","Image, Video Carousel, People Also Ask, Popular Products, Related Searches, Image Pack, Site Links, Video","0.50,0.78,0.64,0.50,0.50,0.50,0.50,0.35,0.50,0.50,0.35,0.50",20,,
us,rolex oyster perpetual watches,luxury watch,,,,rolex oyster perpetual watches,90,21,2.03,0.17,208,Transactional,"People Also Ask, Related Searches, Site Links, Video, Adwords Bottom, Video Carousel","0.09,0.44,0.19,0.36,0.09,0.01,0.01,0.00,0.04,0.04,0.05,0.01",20,,
us,rolex oyster two tone,luxury watch,,,,rolex oyster perpetual watches,70,17,0.55,1.00,178,Transactional,"People Also Ask, Popular Products, Related Searches, AI Overview, Site Links, Video, Image","0.78,0.50,0.50,0.50,0.28,0.50,0.78,0.50,0.35,0.64,0.78,0.64",20,,
us,silver oyster perpetual rolex,luxury watch,,,,rolex oyster perpetual watches,70,20,0.63,1.00,193,"Informational, Transactional","Related Searches, AI Overview, Image Pack, Site Links, Video, Image, People Also Ask","0.15,0.03,0.12,0.09,0.15,0.09,0.53,0.09,0.65,0.43,0.00,0.06",20,,
us,stainless steel and gold rolex,luxury watch,,,,rolex oyster perpetual watches,70,25,1.85,1.00,152,Transactional,"Reviews, Video, Video Carousel, People Also Ask, Related Searches, Discussions And Forums, Site Links","0.23,0.14,0.09,0.52,0.23,0.33,0.33,0.33,0.42,0.23,0.33,0.14",20,,
us,18 carat gold rolex watch,luxury watch,,,,rolex oyster perpetual watches,50,27,1.52,1.00,203,"Informational, Transactional","Video, Image, People Also Ask, Popular Products, Related Searches, Image Pack, Site Links","0.18,0.18,0.18,1.00,1.00,1.00,0.18,0.18,0.18,0.18,0.18,0.18",20,,
us,gold rolex watch for mens,luxury watch,,,,rolex oyster perpetual watches,70,20,1.52,1.00,176,Transactional,"Image, Video Carousel, Popular Products, Related Searches, Site Links, Video","0.22,0.02,0.00,0.04,0.02,0.43,1.00,0.18,0.43,0.00,0.08,1.00",20,,
us,golden watch rolex,luxury watch,,,,rolex oyster perpetual watches,40,26,1.53,1.00,180,"Informational, Transactional","Video, Image, Popular Products, Related Searches, Image Pack, Site Links","0.00,0.03,0.24,0.00,0.00,0.00,0.00,0.00,0.00,0.00,0.67,0.00",20,,
us,mixed metal rolex,luxury watch,,,,rolex oyster perpetual watches,40,24,2.21,1.00,201,"Informational, Transactional","Site Links, Video, Image, People Also Ask, Related Searches, Image Pack","0.78,0.21,0.14,0.14,0.21,0.14,0.14,1.00,0.14,0.14,0.14,0.14",20,,
us,oyster gold rolex,luxury watch,,,,rolex oyster perpetual watches,30,22,1.59,1.00,212,"Informational, Transactional","Image Pack, Site Links, Video, Image, Adwords Bottom, Video Carousel, People Also Ask, Related Searches","0.65,0.00,0.09,0.00,0.03,0.00,0.00,0.12,0.00,0.00,0.00,0.03",20,,
us,plain gold rolex,luxury watch,,,,rolex oyster perpetual watches,90,26,1.85,1.00,190,Transactional,"Related Searches, Site Links, Reviews, Video, Image, Video Carousel, People Also Ask, Popular Products","1.00,0.78,0.64,0.78,0.50,0.50,0.64,0.64,0.78,0.35,0.78,0.50",20,,
us,rolex 24k gold watch,luxury watch,,,,rolex oyster perpetual watches,50,25,1.32,1.00,174,"Informational, Commercial","Image, Video Carousel, People Also Ask, Popular Products, Related Searches, AI Overview, Site Links, Video","0.01,0.01,0.18,0.35,0.01,0.08,0.15,0.28,0.01,0.00,0.01,0.03",20,,
us,rolex gold and stainless,luxury watch,,,,rolex oyster perpetual watches,90,23,1.85,1.00,200,"Informational, Transactional","Site Links, Video, Adwords Bottom, Video Carousel, Related Searches, Discussions And Forums","0.64,0.52,0.41,0.41,0.64,0.17,0.23,0.23,0.64,0.64,0.82,0.64",20,,
us,rolex gold oyster perpetual price,luxury watch,,,,rolex oyster perpetual watches,40,19,0.56,0.99,220,Transactional,"Video, Image, People Also Ask, Related Searches, AI Overview, Image Pack, Site Links","0.80,0.60,0.80,0.60,0.80,1.00,1.00,1.00,1.00,0.60,1.00,0.40",20,,
us,rolex mens gold watch with diamonds,luxury watch,,,,rolex oyster perpetual watches,30,19,1.45,1.00,210,Transactional,"Video Carousel, Popular Products, Related Searches, Image Pack, Site Links, Video, Image","0.14,0.28,0.21,0.21,0.35,0.14,0.21,0.21,0.21,0.14,0.14,0.14",20,,
us,rolex oyester perpetual,luxury watch,,,,rolex oyster perpetual watches,70,24,1.60,1.00,10500000,"Navigational, Transactional","Site Links, Video, Image, Adwords Bottom, People Also Ask, Popular Products, Related Searches, Things To Know","0.02,0.07,0.00,0.02,0.02,0.02,0.00,0.00,0.01,0.01,0.00,0.10",20,,
us,rolex oyster dial,luxury watch,,,,rolex oyster perpetual watches,70,29,1.65,1.00,7990000,Transactional,"Video, Image, Video Carousel, People Also Ask, Popular Products, Related Searches, Image Pack, Site Links, Discussions And Forums","1.00,0.63,0.81,0.81,0.63,0.63,0.63,0.81,0.45,0.63,0.63,0.63",20,,
us,rolex oyster mens,luxury watch,,,,rolex oyster perpetual watches,70,25,1.58,1.00,202,Transactional,"Adwords Bottom, Video Carousel, People Also Ask, Popular Products, Related Searches, Image Pack, Site Links, Video","0.19,0.26,0.26,0.34,0.26,0.19,0.19,0.26,0.42,0.53,0.26,1.00",20,,
us,rolex oyster perpetual chronometer,luxury watch,,,,rolex oyster perpetual watches,50,24,1.66,0.93,192,"Informational, Transactional","Popular Products, Related Searches, Image Pack, Site Links, Video, People Also Ask","0.17,0.11,0.11,0.23,0.23,0.17,0.23,0.11,0.64,0.64,1.00,0.41",20,,
us,rolex oyster perpetual gold black,luxury watch,,,,rolex oyster perpetual watches,50,20,1.35,1.00,197,"Informational, Transactional","Image Pack, Site Links, Video, Video Carousel, Popular Products, Related Searches","0.63,0.63,0.09,0.45,0.63,0.63,0.63,0.63,0.63,0.45,0.18,0.18",20,,
us,rolex oyster perpetual gold mens,luxury watch,,,,rolex oyster perpetual watches,70,28,1.22,1.00,226,"Informational, Transactional","Image Pack, Site Links, Video, People Also Ask, Popular Products, Related Searches","0.42,0.42,0.07,0.42,0.07,0.26,0.19,0.07,0.19,0.26,0.26,0.07",20,,
us,rolex oyster perpetual men,luxury watch,,,,rolex oyster perpetual watches,90,25,1.99,1.00,199,"Informational, Transactional","Image Pack, Site Links, Reviews, Video, People Also Ask, Popular Products, Related Searches","0.03,0.03,0.06,0.06,0.02,0.05,0.10,0.10,0.10,0.08,0.05,0.05",20,,
us,rolex oyster perpetual retail price,luxury watch,,,,rolex oyster perpetual watches,70,23,2.96,1.00,194,Transactional,"Video Carousel, Related Searches, AI Overview, Image Pack, Site Links, Video, Image","0.23,0.28,0.12,0.35,0.07,0.28,0.05,0.12,0.12,0.12,0.10,0.05",20,,
us,rolex stainless steel and gold,luxury watch,,,,rolex oyster perpetual watches,40,23,1.85,1.00,179,"Informational, Transactional","Image Pack, Site Links, Reviews, Video, Image, Popular Products, Related Searches","0.45,0.27,0.09,0.27,0.45,0.27,0.36,0.18,0.18,0.45,0.63,0.27",20,,
us,what is rolex oyster perpetual,luxury watch,,,,rolex oyster perpetual watches,90,17,1.94,0.73,144,Informational,"People Also Ask, Related Searches, Discussions And Forums, AI Overview, Site Links, Video, Video Carousel","0.41,0.11,0.29,0.64,0.64,0.64,0.64,0.82,0.64,0.41,0.52,0.64",20,,
us,gold diamond rolex mens,luxury watch,,,,rolex oyster perpetual watches,70,21,1.45,1.00,203,"Informational, Transactional","Image Pack, Site Links, Video, Popular Products, Related Searches","0.50,0.50,0.50,0.35,0.50,0.28,0.50,0.50,0.50,0.50,0.50,0.35",20,,
us,gold mens rolex with diamonds,luxury watch,,,,rolex oyster perpetual watches,70,25,1.45,1.00,166,Transactional,"Popular Products, Related Searches, Site Links, Video, Video Carousel, People Also Ask","0.63,0.63,0.63,0.45,0.63,0.36,0.63,0.63,0.63,0.63,0.63,0.45",20,,
us,gold rolex oyster,luxury watch,,,,rolex oyster perpetual watches,30,28,1.59,1.00,197,"Informational, Transactional","Video, Image, People Also Ask, Related Searches, Image Pack, Site Links, Reviews","0.57,0.57,0.28,1.00,0.71,0.14,0.57,0.28,0.14,0.42,0.14,1.00",20,,
us,how much does a gold rolex cost,luxury watch,,,,rolex oyster perpetual watches,90,28,2.07,0.73,107,Informational,"Video Carousel, People Also Ask, Related Searches, AI Overview, Site Links, Video","0.78,0.28,0.78,0.78,0.78,0.78,0.78,1.00,0.14,0.50,0.64,0.50",20,,
us,how much is a rolex oyster perpetual date,luxury watch,,,,rolex oyster perpetual watches,70,18,1.62,0.90,166,Informational,"Site Links, Video, People Also Ask, Popular Products, Related Searches, AI Overview","0.50,0.50,0.28,0.50,0.35,0.35,0.50,0.35,0.28,0.14,0.14,0.14",20,,
us,how much is gold rolex,luxury watch,,,,rolex oyster perpetual watches,90,28,2.04,0.33,156,Informational,"People Also Ask, Popular Products, Related Searches, AI Overview, Site Links, Reviews, Video","0.64,0.29,0.52,0.52,0.41,1.00,0.52,0.41,0.64,0.52,0.64,0.52",20,,
us,oyster rolex for sale,luxury watch,,,,rolex oyster perpetual watches,50,23,0.26,1.00,197,Transactional,"Local Pack, Site Links, Video, People Also Ask, Related Searches","0.50,0.78,0.00,0.00,0.28,0.14,0.50,0.07,1.00,0.78,0.28,0.35",20,,
us,rolex 2 tone oyster,luxury watch,,,,rolex oyster perpetual watches,40,24,1.38,1.00,177,"Informational, Transactional","Video, Related Searches, Discussions And Forums, Image Pack, Site Links","1.00,0.22,0.55,0.00,0.11,0.55,0.55,0.11,0.55,0.77,0.55,0.11",20,,
us,rolex gold watch diamonds,luxury watch,,,,rolex oyster perpetual watches,70,21,1.45,1.00,173,Transactional,"Site Links, Video, Adwords Bottom, Video Carousel, People Also Ask, Related Searches","0.64,0.41,0.41,0.52,0.41,0.41,0.41,0.41,0.41,0.29,0.41,0.64",20,,
us,rolex oyster m,luxury watch,,,,rolex oyster perpetual watches,90,26,2.02,0.70,200,"Informational, Transactional","Video Carousel, Popular Products, Image Pack, Site Links, Reviews, People Also Ask, Related Searches, Video, Adwords Bottom","0.78,0.50,0.78,0.78,0.64,0.78,0.64,0.64,0.64,0.78,0.78,0.64",20,,
us,rolex oyster original,luxury watch,,,,rolex oyster perpetual watches,40,25,2.06,1.00,202,Informational,"Image Pack, Site Links, Video, Video Carousel, People Also Ask, Related Searches","1.00,0.18,0.18,0.18,0.18,0.18,0.18,0.18,0.18,0.18,0.18,1.00",20,,
us,rolex oyster perpetual watch price,luxury watch,,,,rolex oyster perpetual watches,30,23,2.74,0.98,194,Transactional,"Image Pack, Site Links, Video, Video Carousel, People Also Ask, Related Searches, AI Overview","0.00,0.00,0.11,0.03,0.00,0.00,0.00,0.00,0.01,0.00,0.00,0.16",20,,
us,rolex oyster watch price,luxury watch,,,,rolex oyster perpetual watches,30,27,2.56,0.96,196,Transactional,"AI Overview, Image Pack, Site Links, Video, Image, People Also Ask, Popular Products","0.18,0.36,0.18,0.18,0.63,0.18,0.18,0.18,0.18,0.18,0.18,0.18",20,,
us,rolex two tone oyster perpetual,luxury watch,,,,rolex oyster perpetual watches,40,27,0.60,1.00,187,"Informational, Transactional","Image Pack, Site Links, Video, Image, Popular Products, Related Searches, Discussions And Forums","0.45,0.18,0.36,0.36,0.27,0.27,0.27,1.00,0.09,0.09,0.18,0.63",20,,
us,how much is a rolex oyster perpetual worth,luxury watch,,,,rolex oyster perpetual watches,30,19,1.59,0.71,151,Informational,"Site Links, Video, Video Carousel, People Also Ask, Related Searches, Discussions And Forums, AI Overview","0.45,0.18,0.18,0.18,0.18,0.63,0.18,0.45,0.18,0.18,1.00,0.18",20,,
us,op 41 rolex,luxury watch,,,,rolex oyster perpetual watches,90,29,1.75,1.00,4850000,"Informational, Transactional","Site Links, Video, Adwords Bottom, Video Carousel, Related Searches, Discussions And Forums, Knowledge Panel","0.41,0.52,0.64,0.52,0.29,0.64,0.52,0.52,0.41,0.41,0.41,0.82",20,,
us,oyster m rolex,luxury watch,,,,rolex oyster perpetual watches,30,24,2.02,0.70,200,"Informational, Commercial","Related Searches, AI Overview, Site Links, Reviews, Video, Video Carousel, People Also Ask, Popular Products","0.21,0.14,0.21,0.21,0.14,0.35,0.00,0.14,0.35,0.28,0.14,0.07",20,,
us,price rolex oyster perpetual,luxury watch,,,,rolex oyster perpetual watches,90,29,2.73,0.98,194,Transactional,"Reviews, Video, Image, People Also Ask, Related Searches, AI Overview, Image Pack, Site Links","0.15,0.11,0.08,0.11,0.00,0.11,0.01,0.01,0.00,1.00,0.00,0.05",20,,
us,rolex blue oyster perpetual,luxury watch,,,,rolex oyster perpetual watches,90,15,0.91,1.00,197,"Informational, Transactional","Image Pack, Site Links, Video, Image, Video Carousel, People Also Ask, Related Searches","0.05,0.04,0.07,0.03,0.05,0.07,0.07,0.44,0.10,0.04,0.07,0.10",20,,
us,rolex diamond watch gold,luxury watch,,,,rolex oyster perpetual watches,90,23,1.45,1.00,207,"Informational, Transactional","Image Pack, Site Links, Video, Image, People Also Ask, Popular Products, Related Searches","1.00,0.78,0.35,0.50,0.64,0.64,0.64,1.00,0.78,0.64,0.78,0.78",20,,
us,rolex oyster perpetual black gold,luxury watch,,,,rolex oyster perpetual watches,70,15,1.35,1.00,199,"Informational, Transactional","Site Links, Video, Video Carousel, People Also Ask, Related Searches, Image Pack","0.77,0.77,0.11,0.55,0.77,0.77,0.77,0.77,0.77,0.55,0.22,0.22",20,,
us,rolex oyster perpetual date blue,luxury watch,,,,rolex oyster perpetual watches,70,21,0.00,1.00,196,Informational,"Site Links, Video, Image, Video Carousel, People Also Ask, Popular Products, Related Searches, Image Pack","0.07,0.07,0.07,0.07,0.80,0.65,1.00,0.07,0.07,0.07,0.07,0.07",20,,
us,rolex oyster perpetual new,luxury watch,,,,rolex oyster perpetual watches,90,19,2.00,1.00,197,Transactional,"Site Links, Video, Adwords Bottom, Video Carousel, People Also Ask, Related Searches","0.15,0.21,0.28,0.12,0.15,0.15,0.34,0.28,0.34,0.21,0.28,1.00",20,,
us,rolex oyster watches,luxury watch,,,,rolex oyster perpetual watches,30,17,1.66,1.00,260,"Informational, Transactional","Video, Image, Video Carousel, People Also Ask, Related Searches, Discussions And Forums, Image Pack, Site Links","0.10,0.00,0.14,0.02,0.00,0.02,0.00,0.02,0.04,0.14,0.00,0.43",20,,
us,watches brands by luxury,luxury watch,,,,luxury watch brands,40,28,0.00,0.74,175,Informational,"Video Carousel, People Also Ask, AI Overview, Knowledge Panel, Site Links, Video","0.11,0.11,0.11,0.11,0.11,0.11,0.11,0.11,0.11,0.11,0.11,0.11",20,,
us,high dollar watches,luxury watch,,,,luxury watch brands,30,27,1.19,1.00,190,"Informational, Commercial","Popular Products, Related Searches, AI Overview, Local Pack, Site Links, Video, Video Carousel, People Also Ask","0.27,0.36,0.18,0.18,0.36,0.18,0.27,0.18,0.18,0.18,0.18,0.18",20,,
us,designer watches brands,luxury watch,,,,luxury watch brands,30,26,0.91,0.95,109,Informational,"Site Links, Video, Image, People Also Ask, AI Overview","0.21,0.64,0.00,0.07,0.00,0.00,0.00,0.64,0.35,0.07,0.21,0.50",20,,
us,designer brand watches,luxury watch,,,,luxury watch brands,70,25,1.21,1.00,199,"Informational, Transactional","Popular Products, Related Searches, AI Overview, Site Links, Video, Image, People Also Ask","0.29,0.23,0.41,0.41,0.29,0.52,0.64,0.64,0.52,0.64,0.64,1.00",20,,
us,popular high end watches,luxury watch,,,,luxury watch brands,30,25,0.56,1.00,270000000,"Informational, Commercial","Site Links, Image, Video, Video Carousel, People Also Ask, Popular Products, Related Searches, Discussions And Forums, AI Overview","0.36,0.27,0.36,0.63,0.36,0.18,0.18,0.18,0.45,0.63,0.36,1.00",20,,
us,expensive brands of watches,luxury watch,,,,luxury watch brands,50,24,0.79,0.91,176,"Informational, Commercial","Related Searches, AI Overview, Site Links, Video, Image, Video Carousel, People Also Ask","0.17,0.10,0.00,0.05,0.17,0.02,1.00,0.00,0.00,0.00,0.00,0.05",20,,
us,most expensive swiss watches,luxury watch,,,,luxury watch brands,50,28,0.00,0.98,149,"Informational, Commercial","Popular Products, Related Searches, AI Overview, Site Links, Video, Image, People Also Ask","0.17,0.10,0.12,0.05,0.05,0.05,0.05,0.53,0.05,0.05,0.05,0.05",20,,
us,upscale watch brands,luxury watch,,,,luxury watch brands,90,29,1.17,0.97,202,Informational,"Knowledge Panel, Video Carousel, People Also Ask, Related Searches, Site Links, Video, Popular Products, Discussions And Forums, AI Overview","0.01,0.30,0.01,0.00,0.00,0.02,0.01,0.01,0.03,0.02,0.00,0.01",20,,
us,brands watches,luxury watch,,,,luxury watch brands,70,26,4.33,0.68,162,"Informational, Commercial","People Also Ask, Popular Products, Related Searches, AI Overview, Site Links, Video, Image","0.02,0.00,0.04,1.00,0.02,0.02,0.06,0.01,0.01,0.04,0.00,0.01",20,,
us,expensive classic watches,luxury watch,,,,luxury watch brands,70,25,0.90,1.00,182,"Informational, Commercial","Site Links, Video, Image, Video Carousel, People Also Ask, Popular Products, Related Searches, AI Overview","0.77,0.77,0.77,0.55,0.77,0.77,0.77,0.77,0.77,0.55,0.77,0.22",20,,
us,most prestige watch brands,luxury watch,,,,luxury watch brands,90,29,0.58,0.81,194,Informational,"Video, Image, People Also Ask, Popular Products, Related Searches, AI Overview, Site Links","0.82,0.82,0.82,0.41,0.64,0.82,0.64,0.41,0.52,0.64,0.64,0.52",20,,
us,names of high end watches,luxury watch,,,,luxury watch brands,70,25,0.35,0.75,127,"Informational, Commercial","Related Searches, Discussions And Forums, Adwords Middle, AI Overview, Site Links, Video, Adwords Bottom, People Also Ask","0.26,0.26,0.26,0.19,0.34,0.26,0.26,0.42,0.34,0.26,0.26,0.26",20,,
us,watch brands high end,luxury watch,,,,luxury watch brands,30,29,1.38,0.84,190,"Informational, Commercial","People Also Ask, Popular Products, Related Searches, AI Overview, Site Links, Video, Image, Video Carousel","0.19,0.09,0.09,0.14,0.19,0.14,0.09,0.09,0.14,0.09,0.09,0.09",20,,
us,high-end watch brands,luxury watch,,,,luxury watch brands,40,28,0.94,1.00,184,"Informational, Commercial","Site Links, Video, People Also Ask, Popular Products, Related Searches, AI Overview","0.00,0.00,0.00,0.00,0.00,0.00,0.00,0.00,0.00,0.07,0.08,0.23",20,,
us,the expensive watch,luxury watch,,,,luxury watch brands,90,29,0.00,0.82,172,Informational,"People Also Ask, Popular Products, Related Searches, Site Links, AI Overview, Image Pack, Video, Image, Video Carousel","0.07,0.07,0.07,0.07,0.07,0.07,0.07,0.07,0.07,0.07,0.07,0.07",20,,
us,expensice watch brands,luxury watch,,,,luxury watch brands,90,26,0.50,1.00,179,Informational,"Site Links, Video, Image, Video Carousel, Popular Products, Related Searches, Discussions And Forums, AI Overview, People Also Ask","0.01,0.00,1.00,0.01,0.00,0.01,0.00,0.02,0.02,0.01,0.00,0.00",20,,
us,lucury watch brands,luxury watch,,,,luxury watch brands,70,26,1.07,0.89,189,"Informational, Commercial","Image, People Also Ask, Related Searches, AI Overview, Site Links, Video","0.21,0.21,0.21,0.21,0.21,0.21,0.21,0.28,0.28,0.21,0.15,0.21",20,,
us,popular designer watches,luxury watch,,,,luxury watch brands,50,29,0.60,1.00,194,Informational,"Related Searches, AI Overview, Site Links, Video, Image, Video Carousel, People Also Ask","0.26,0.26,0.26,0.26,0.26,0.19,0.07,0.53,0.07,0.07,0.07,0.07",20,,
us,top ten luxury watch brands,luxury watch,,,,luxury watch brands,70,29,0.67,1.00,111,"Informational, Commercial","Site Links, Video, People Also Ask, Related Searches, AI Overview","0.12,0.12,0.82,0.23,0.10,0.23,0.12,0.12,0.35,0.10,0.23,0.43",20,,
us,upscale swiss watch,luxury watch,,,,luxury watch brands,50,27,1.37,0.11,167,"Informational, Commercial","People Also Ask, Popular Products, Related Searches, Things To Know, AI Overview, Site Links, Video","0.00,0.00,0.00,0.00,0.00,0.00,0.00,0.00,0.04,0.00,0.00,0.00",20,,
us,very expensive watches for men,luxury watch,,,,luxury watch brands,50,16,0.51,1.00,167,"Informational, Commercial","Related Searches, AI Overview, Site Links, Video, Image, Video Carousel, People Also Ask, Popular Products","0.03,0.19,0.53,0.15,0.15,0.07,1.00,0.03,0.03,0.00,0.00,0.00",20,,
us,luxury watch logos,luxury watch,,,,luxury watch brands,70,15,0.00,0.01,166,Informational,"Related Searches, Image Pack, Video, Image, Video Carousel, People Also Ask","0.35,0.50,0.21,0.35,0.64,0.50,0.50,0.64,0.50,0.00,0.50,0.00",90,,
us,luxury watches ranked,luxury watch,,,,luxury watch brands,70,25,0.09,0.34,155,"Informational, Commercial","AI Overview, Image Pack, Site Links, Video, Video Carousel, People Also Ask, Related Searches","0.45,0.36,0.27,0.45,0.45,0.63,1.00,0.81,0.36,0.36,0.81,0.36",20,,
us,most elite watch brands,luxury watch,,,,luxury watch brands,90,27,0.58,0.81,191,Informational,"Image, Video Carousel, People Also Ask, Popular Products, Discussions And Forums, Video, Related Searches, AI Overview, Site Links","0.29,0.41,0.41,0.64,0.64,1.00,0.52,0.82,0.52,0.52,0.82,0.64",20,,
us,rolex other watch brands,luxury watch,,,,luxury watch brands,40,17,0.00,1.00,151,Informational,"Video Carousel, People Also Ask, Related Searches, Discussions And Forums, AI Overview, Site Links, Video","0.14,0.14,0.14,0.14,0.14,0.14,0.14,0.14,0.14,0.14,0.14,0.14",20,,
us,what are the top luxury watch brands,luxury watch,,,,luxury watch brands,30,26,0.62,0.95,267000000,Informational,"Video, Image, People Also Ask, Related Searches, AI Overview, Site Links","0.18,0.27,0.18,0.18,0.18,0.45,0.27,0.27,0.36,0.18,0.27,0.36",20,,
us,highest end watch brands,luxury watch,,,,luxury watch brands,30,23,0.94,1.00,164,Informational,"People Also Ask, Popular Products, Related Searches, AI Overview, Image Pack, Site Links, Video, Image","0.01,0.15,0.02,0.05,0.02,0.01,0.02,0.01,0.01,1.00,0.02,0.19",20,,
us,the most expensive watch company,luxury watch,,,,luxury watch brands,70,27,0.00,0.67,109,"Informational, Commercial","Site Links, Reviews, Video, Video Carousel, People Also Ask, Popular Products, Image, Related Searches, AI Overview","0.50,0.50,0.50,0.35,0.50,0.64,0.64,1.00,0.64,0.50,0.50,0.50",20,,
us,high end watch brands ranking,luxury watch,,,,luxury watch brands,70,29,0.00,1.00,676000000,"Informational, Commercial","Site Links, Video, Video Carousel, People Also Ask, Related Searches, Discussions And Forums, AI Overview","0.02,0.02,0.02,0.02,0.02,0.02,0.02,0.02,0.02,0.02,0.02,0.02",20,,
us,most luxury watches,luxury watch,,,,luxury watch brands,40,21,0.92,0.87,177,"Informational, Commercial","Related Searches, AI Overview, Site Links, Video, Image, Video Carousel, People Also Ask","0.19,0.14,0.23,0.19,0.19,0.19,0.19,0.23,0.23,0.14,0.04,0.23",20,,
us,famous swiss watch companies,luxury watch,,,,luxury watch brands,30,28,0.60,1.00,38100000,Informational,"Site Links, Video, Video Carousel, People Also Ask, Related Searches, Discussions And Forums, AI Overview","0.11,0.64,0.11,0.11,0.11,0.11,0.11,0.11,0.11,0.11,0.11,0.11",20,,
us,highest watch brands,luxury watch,,,,luxury watch brands,90,23,0.63,1.00,890000000,Informational,"Image Pack, Site Links, Video, Image, People Also Ask, Popular Products, Related Searches, AI Overview","0.00,0.00,0.00,0.00,0.00,0.12,0.29,0.00,0.00,0.00,0.00,0.00",20,,
us,mid range luxury watch brands,luxury watch,,,,luxury watch brands,90,19,0.87,1.00,149,"Informational, Commercial","Image, People Also Ask, Related Searches, Short Videos, AI Overview, Site Links, Video","0.41,0.41,0.52,0.41,0.29,0.64,1.00,0.82,0.52,0.52,0.64,0.52",20,,
us,most expensive watch for men,luxury watch,,,,luxury watch brands,90,19,0.44,1.00,170,"Informational, Commercial","Video Carousel, People Also Ask, Popular Products, Related Searches, AI Overview, Site Links, Video, Image","0.09,0.07,0.09,0.07,0.05,0.07,0.09,0.14,0.07,0.17,0.07,0.05",20,,
us,most popular luxury watches for men,luxury watch,,,,luxury watch brands,70,25,1.41,1.00,108000000,Informational,"Site Links, Video, Video Carousel, Discussions And Forums, Image, People Also Ask, Related Searches, Short Videos, AI Overview","0.78,0.35,0.64,0.64,0.35,0.50,0.50,0.50,1.00,0.78,0.28,0.28",20,,
us,most renowned watch brands,luxury watch,,,,luxury watch brands,90,27,0.58,0.81,187,"Informational, Commercial","Site Links, Video, People Also Ask, Related Searches, AI Overview","0.35,0.50,0.50,0.78,0.78,1.00,0.78,1.00,0.64,0.64,0.78,0.78",20,,
us,the most expensive watch brand,luxury watch,,,,luxury watch brands,90,25,0.39,0.94,94,Informational,"Site Links, Video, Image, Video Carousel, People Also Ask, Related Searches, AI Overview","0.03,0.03,0.03,0.02,0.02,0.03,0.03,0.05,0.03,0.02,0.02,0.03",20,,
us,watches more expensive than rolex,luxury watch,,,,luxury watch brands,90,21,0.02,0.61,151,Informational,"Discussions And Forums, AI Overview, Site Links, Video, Image, Video Carousel, People Also Ask, Related Searches","0.28,0.23,0.28,0.28,0.17,0.23,0.23,0.28,0.28,0.23,0.23,0.28",20,,
us,good name brand watches,luxury watch,,,,luxury watch brands,30,28,0.93,1.00,273000000,"Informational, Commercial","Site Links, Popular Products, Related Searches, Discussions And Forums, AI Overview, Video, Image, Video Carousel, People Also Ask","0.14,0.14,0.14,0.14,0.14,0.14,0.14,1.00,0.14,0.14,0.78,0.14",20,,
us,luxury watch categories,luxury watch,,,,luxury watch brands,50,16,0.00,0.30,180,Informational,"Image, Video Carousel, People Also Ask, Related Searches, Image Pack, Site Links, Reviews, Video","0.52,0.52,0.14,0.09,0.14,0.09,0.80,0.66,0.09,0.09,0.09,0.09",20,,
us,most expensive brand of watch,luxury watch,,,,luxury watch brands,50,21,0.47,0.93,96,Informational,"Related Searches, AI Overview, Site Links, Video, Image, People Also Ask","0.06,0.09,0.06,0.09,0.03,0.06,0.06,0.03,0.15,0.06,0.00,0.00",20,,
us,most expensive luxury watches,luxury watch,,,,luxury watch brands,90,28,0.43,1.00,207,Informational,"People Also Ask, AI Overview, Site Links, Video, Image, Video Carousel","0.50,0.64,0.78,0.78,0.78,0.64,0.78,1.00,1.00,0.64,0.64,0.78",20,,
us,ranking of luxury watch brands,luxury watch,,,,luxury watch brands,70,26,0.23,0.50,102,"Informational, Commercial","Site Links, Video, People Also Ask, Related Searches, AI Overview","0.12,0.28,0.43,0.15,0.34,0.15,0.21,0.28,1.00,0.28,0.34,0.34",20,,
us,world expensive watches,luxury watch,,,,luxury watch brands,40,23,0.42,0.86,172,"Informational, Commercial","Site Links, Video, Image, Video Carousel, People Also Ask, Popular Products, Related Searches, AI Overview","0.66,0.05,0.00,0.05,0.02,0.28,0.00,0.17,0.43,0.00,0.66,0.53",20,,
us,most expensive mens watch in the world,luxury watch,,,,luxury watch brands,40,23,0.31,1.00,126,"Informational, Commercial","Image, Video Carousel, People Also Ask, Popular Products, Related Searches, AI Overview, Reviews, Site Links, Video","0.27,0.18,0.18,0.45,0.36,0.45,0.45,0.45,1.00,0.18,0.45,0.45",20,,
us,most expensive watch companies,luxury watch,,,,luxury watch brands,90,25,0.47,0.93,211000000,Informational,"Popular Products, Related Searches, AI Overview, Site Links, Video, Image, Video Carousel, People Also Ask","0.03,0.06,0.06,0.05,0.03,0.05,0.44,0.05,0.01,0.03,0.01,0.00",20,,
us,the most expensive wrist watch brand,luxury watch,,,,luxury watch brands,70,22,0.00,0.67,169,"Informational, Commercial","Site Links, Video, Image, Video Carousel, People Also Ask, Related Searches, AI Overview","0.64,0.35,0.35,0.50,0.50,0.50,0.64,1.00,0.64,0.50,0.50,0.50",20,,
us,what are the most expensive watch brands,luxury watch,,,,luxury watch brands,70,26,0.32,0.60,132,Informational,"Site Links, Video, People Also Ask, Related Searches, AI Overview","0.23,0.29,0.29,1.00,0.23,0.23,0.29,0.41,0.52,0.29,0.29,0.64",20,,
us,high end watch reviews,luxury watch,,,,luxury watch brands,70,27,1.03,0.75,160,"Informational, Commercial","People Also Ask, Related Searches, AI Overview, Site Links, Video, Video Carousel","0.10,0.28,0.10,0.35,0.05,0.07,0.07,0.07,0.17,0.12,0.17,0.10",20,,
us,most expensive mens watch brands,luxury watch,,,,luxury watch brands,90,17,0.00,0.65,129,"Informational, Commercial","Site Links, Video, Image, Video Carousel, People Also Ask, AI Overview, Reviews, Popular Products, Related Searches","0.52,0.82,0.64,0.64,0.82,0.41,0.41,0.41,0.41,0.23,0.41,0.41",20,,
us,most expensive watche,luxury watch,,,,luxury watch brands,50,20,0.56,0.97,171,Informational,"AI Overview, Image Pack, Site Links, Video, People Also Ask, Popular Products, Related Searches","0.05,0.03,0.01,0.66,0.06,0.01,0.03,0.03,0.00,0.01,1.00,0.00",20,,
us,most expensive wrist watch for men,luxury watch,,,,luxury watch brands,50,26,0.37,1.00,173,"Informational, Commercial","People Also Ask, Related Searches, AI Overview, Site Links, Video, Image","0.00,0.00,0.00,0.08,0.08,0.18,0.35,0.08,0.08,0.08,0.15,0.08",20,,
us,the expensivest watch in the world,luxury watch,,,,luxury watch brands,90,18,0.42,0.86,177,"Informational, Commercial","Site Links, Video, People Also Ask, Popular Products, AI Overview, Image Pack, Image, Video Carousel, Related Searches","0.02,0.00,0.00,0.00,0.00,0.02,0.00,0.05,0.03,1.00,0.07,0.13",20,,
us,the most expensive watches in the world,luxury watch,,,,luxury watch brands,50,29,0.42,0.86,102000000,Informational,"People Also Ask, Popular Products, Related Searches, Discussions And Forums, AI Overview, Site Links, Video, Image, Video Carousel","0.17,0.02,0.12,0.07,0.05,0.07,0.12,0.12,0.10,0.10,0.10,0.10",20,,
us,top 10 expensive watches for men,luxury watch,,,,luxury watch brands,30,24,0.68,1.00,85300000,"Informational, Commercial","Video, People Also Ask, Discussions And Forums, AI Overview, Site Links, Image, Video Carousel, Popular Products, Related Searches","0.29,0.23,0.23,0.11,0.17,0.23,0.11,0.23,0.11,0.11,0.11,0.11",20,,
us,who owns the most expensive watch,luxury watch,,,,luxury watch brands,50,25,0.00,0.33,139,Informational,"Site Links, Video, Video Carousel, People Also Ask, Related Searches, AI Overview","0.19,0.19,0.14,0.19,0.52,0.14,0.14,0.14,0.52,0.19,0.14,0.14",20,,
us,good brand in watch,luxury watch,,,,luxury watch brands,70,29,1.21,1.00,190,"Informational, Commercial","Video, Video Carousel, People Also Ask, Popular Products, Related Searches, AI Overview, Site Links","0.11,0.11,0.11,0.07,0.07,0.00,0.00,0.00,0.00,1.00,0.00,0.00",20,,
us,highest selling watch brands,luxury watch,,,,luxury watch brands,90,19,0.19,0.74,161,"Informational, Commercial","Video, Video Carousel, People Also Ask, Related Searches, Discussions And Forums, AI Overview, Site Links","0.63,0.45,0.45,0.81,0.63,1.00,1.00,1.00,0.81,0.63,0.81,0.81",20,,
us,luxury watch brand ranking,luxury watch,,,,luxury watch brands,90,21,0.08,0.81,140,"Informational, Commercial","Site Links, Video, People Also Ask, Related Searches, AI Overview","0.14,0.10,0.08,0.10,0.18,0.35,0.04,0.29,0.66,0.04,0.04,0.06",20,,
us,most exspensive watches,luxury watch,,,,luxury watch brands,30,26,0.56,0.97,201000000,Informational,"Video Carousel, People Also Ask, Popular Products, Related Searches, AI Overview, Site Links, Video, Image","0.02,0.01,0.12,0.02,0.02,0.05,0.00,0.00,0.00,0.00,0.00,0.01",20,,
us,most sought after watches,luxury watch,,,,luxury watch brands,40,26,0.32,1.00,196,"Informational, Commercial","Site Links, Video, Image, Video Carousel, People Also Ask, Popular Products, Related Searches, AI Overview","0.27,0.36,0.45,0.45,0.36,0.27,0.27,0.18,0.45,0.36,0.45,0.36",20,,
us,most well known watches,luxury watch,,,,luxury watch brands,30,24,0.96,0.99,176,Informational,"Related Searches, Discussions And Forums, Site Links, Video, Image, Video Carousel, AI Overview, People Also Ask, Popular Products","0.00,1.00,0.55,0.00,0.00,1.00,0.00,0.44,0.77,0.55,0.77,0.55",20,,
us,nicest looking watches,luxury watch,,,,luxury watch brands,90,28,0.76,1.00,172,"Informational, Commercial","Video Carousel, People Also Ask, Related Searches, Discussions And Forums, AI Overview, Site Links, Video, Image","0.42,0.66,0.42,0.33,0.52,0.42,0.80,0.66,0.52,0.33,0.42,0.66",20,,
us,top ten watch brands in the world,luxury watch,,,,luxury watch brands,70,26,0.51,0.99,867000000,"Informational, Commercial","Video, People Also Ask, Related Searches, Discussions And Forums, AI Overview, Site Links","0.78,0.50,0.21,0.35,0.50,0.50,0.64,0.78,0.64,0.78,0.64,0.78",20,,
us,who has the most expensive watch in the world,luxury watch,,,,luxury watch brands,50,20,0.00,0.10,147,Informational,"Site Links, Video, Video Carousel, People Also Ask, Related Searches, AI Overview","0.15,0.07,0.15,0.26,0.42,0.15,0.19,0.15,0.26,0.15,0.15,0.07",20,,
us,who owns the most expensive watch in the world,luxury watch,,,,luxury watch brands,90,24,0.00,0.33,145,Informational,"Image Pack, Site Links, Video, Featured Snippet, Video Carousel, People Also Ask, Related Searches","0.06,0.06,0.06,0.06,0.29,0.12,0.15,0.19,0.15,0.15,0.09,0.09",20,,
us,brands similar to rolex,luxury watch,,,,luxury watch brands,70,15,0.64,1.00,10900000,Informational,"Related Searches, AI Overview, Site Links, Video, People Also Ask","0.41,0.41,0.29,0.29,0.41,0.41,0.52,0.82,0.64,0.41,0.52,0.64",20,,
us,c watch brand,luxury watch,,,,luxury watch brands,70,29,2.04,0.86,179,"Informational, Commercial","People Also Ask, Popular Products, Related Searches, AI Overview, Site Links, Video, Image","0.26,0.26,0.34,0.26,0.26,0.42,0.34,0.34,0.34,0.26,0.19,0.26",20,,
us,most costliest watches,luxury watch,,,,luxury watch brands,70,22,0.46,0.99,176,"Informational, Commercial","Video, People Also Ask, Popular Products, Related Searches, AI Overview, Site Links","0.00,0.00,0.00,0.00,0.00,0.03,0.02,0.08,0.08,1.00,0.07,0.16",20,,
us,most expensive watch top 10,luxury watch,,,,luxury watch brands,50,20,0.43,1.00,176,Informational,"Popular Products, Related Searches, AI Overview, Site Links, Video, Image, Video Carousel, People Also Ask","0.12,0.43,0.02,0.05,0.00,0.07,0.17,0.23,0.53,0.66,0.07,0.53",20,,
us,most expensive watchs,luxury watch,,,,luxury watch brands,40,21,0.46,0.99,171,Informational,"Image, People Also Ask, Related Searches, AI Overview, Site Links, Video","0.00,0.01,0.01,0.00,0.01,0.01,0.01,0.00,0.00,0.11,0.00,0.00",20,,
us,top 20 most expensive watches,luxury watch,,,,luxury watch brands,50,21,0.00,0.99,127,Informational,"People Also Ask, Related Searches, AI Overview, Site Links, Video, Video Carousel","0.10,0.17,0.12,0.23,0.17,0.12,0.28,0.10,0.10,0.05,0.07,0.05",20,,
us,top 3 watch brands,luxury watch,,,,luxury watch brands,90,28,0.58,0.93,186,"Informational, Commercial","Site Links, Video, People Also Ask, Related Searches, Discussions And Forums, AI Overview","0.82,0.41,0.64,0.52,0.41,0.41,0.52,0.82,0.52,0.64,0.64,0.82",20,,
us,watch brands ranked by prestige,luxury watch,,,,luxury watch brands,40,27,0.00,0.04,94,Informational,"AI Overview, Site Links, Video, Video Carousel, People Also Ask, Related Searches, Discussions And Forums","0.18,1.00,0.36,0.36,0.45,0.18,0.18,0.27,0.18,0.36,0.18,0.18",20,,
us,what are the most expensive watches in the world,luxury watch,,,,luxury watch brands,90,23,0.25,0.52,122,Informational,"Site Links, Video, Video Carousel, People Also Ask, Related Searches, AI Overview","0.09,0.14,0.66,0.19,0.19,0.14,1.00,0.33,0.09,0.42,0.52,0.66",20,,
us,what are top 10 watches brands,luxury watch,,,,luxury watch brands,40,26,0.00,0.29,546000000,"Informational, Commercial","Site Links, Video, Video Carousel, People Also Ask, Related Searches, AI Overview","0.14,0.14,0.00,0.14,0.14,0.14,0.14,0.14,0.14,0.00,0.14,0.14",20,,
us,most expensive wrist watches,luxury watch,,,,luxury watch brands,50,28,0.56,0.97,87300000,"Informational, Commercial","Video Carousel, People Also Ask, Popular Products, Site Links, Related Searches, Discussions And Forums, AI Overview, Video, Image","0.03,0.00,0.28,0.00,0.06,0.00,0.03,0.81,0.03,0.06,0.00,0.03",20,,
us,most expensuve watch,luxury watch,,,,luxury watch brands,70,25,0.46,0.99,146,Informational,"People Also Ask, Related Searches, AI Overview, Site Links, Video, Video Carousel","0.00,0.00,0.01,0.00,0.00,0.00,0.00,0.00,0.00,0.00,0.00,0.00",20,,
us,most sold watch brand,luxury watch,,,,luxury watch brands,70,20,0.70,0.89,2530000000,Informational,"AI Overview, Image Pack, Site Links, Video, Video Carousel, People Also Ask, Related Searches, Discussions And Forums","0.63,0.81,0.81,0.63,0.63,0.81,0.45,0.45,0.45,0.45,0.36,0.45",20,,
us,top ten watch makes,luxury watch,,,,luxury watch brands,50,21,0.18,0.91,164,Informational,"Site Links, Video, Video Carousel, People Also Ask, Related Searches, AI Overview","0.77,0.22,0.77,0.77,0.55,0.77,0.77,0.77,0.22,0.77,0.77,0.22",20,,
us,watch luxury tier,luxury watch,,,,luxury watch brands,50,20,0.00,0.20,134,Informational,"Image Pack, Site Links, Video, People Also Ask, Related Searches, Discussions And Forums","0.64,0.64,0.64,0.14,0.35,0.50,0.35,0.35,0.35,0.14,0.00,0.00",20,,
us,watches categories by brand,luxury watch,,,,luxury watch brands,50,22,0.00,0.13,184,Informational,"People Also Ask, Related Searches, AI Overview, Image Pack, Site Links, Video","0.45,0.63,0.45,0.45,0.36,0.45,0.63,0.81,0.18,0.00,0.18,0.18",20,,
us,how much is the most expensive watch,luxury watch,,,,luxury watch brands,70,22,0.00,0.66,116,Informational,"Site Links, Video, Video Carousel, People Also Ask, Related Searches, AI Overview","0.23,0.33,0.23,0.23,0.42,0.33,0.42,0.66,0.80,0.19,0.19,0.52",20,,
us,most expensive watches of the world,luxury watch,,,,luxury watch brands,40,26,0.42,0.86,134,Informational,"Video, People Also Ask, Related Searches, AI Overview, Site Links","0.00,0.00,0.00,0.00,0.00,0.00,0.00,0.00,0.00,1.00,0.00,0.00",20,,
us,swiss made watch brands ranking,luxury watch,,,,luxury watch brands,70,19,0.10,0.49,158,"Informational, Commercial","Site Links, Video, Video Carousel, People Also Ask, Related Searches, Discussions And Forums, AI Overview","0.63,0.63,0.45,0.45,0.63,0.63,0.81,0.63,0.63,0.45,0.45,0.63",20,,
us,swiss watch brand list,luxury watch,,,,luxury watch brands,40,28,0.59,0.46,158,Informational,"Video, Image, Video Carousel, People Also Ask, Related Searches, AI Overview, Reviews","0.36,0.36,1.00,0.45,0.36,0.27,0.36,0.45,0.18,0.00,0.09,0.09",90,,
us,too watch brands,luxury watch,,,,luxury watch brands,50,27,0.70,1.00,176,"Informational, Commercial","AI Overview, Site Links, Video, People Also Ask, Popular Products, Related Searches, Short Videos","0.21,0.15,0.21,0.15,0.06,0.09,0.15,0.06,0.06,0.06,0.06,0.12",20,,
us,top 3 brands of watches,luxury watch,,,,luxury watch brands,70,26,0.58,0.93,126,Informational,"AI Overview, Site Links, Video, Image, Video Carousel, People Also Ask, Related Searches, Discussions And Forums","0.64,0.50,0.35,0.50,0.50,0.50,0.64,1.00,0.64,0.50,0.64,0.78",20,,
us,watch companies ranked,luxury watch,,,,luxury watch brands,70,27,0.07,0.49,151,Informational,"Related Searches, AI Overview, Site Links, Video, Video Carousel, People Also Ask","0.50,0.50,0.50,0.50,0.50,0.50,0.35,0.78,0.64,0.35,0.35,0.35",20,,
us,watches ranked,luxury watch,,,,luxury watch brands,70,29,2.52,0.28,162,"Informational, Commercial","Image Pack, Site Links, Video, People Also Ask, Related Searches","0.15,0.15,0.11,0.26,0.26,0.19,0.26,0.34,0.26,0.26,1.00,0.26",20,,
us,biggest watch companies,luxury watch,,,,luxury watch brands,70,28,0.00,0.24,159,"Informational, Commercial","Site Links, Video, People Also Ask, Related Searches, AI Overview","0.50,0.64,0.50,0.64,0.64,0.64,0.64,0.64,0.50,0.50,0.50,0.50",20,,
us,is being a good watch brand,luxury watch,,,,luxury watch brands,50,25,0.00,0.00,4860000,Informational,"Video, Video Carousel, People Also Ask, Related Searches, AI Overview, Site Links","1.00,0.00,0.07,0.14,0.07,1.00,0.14,1.00,0.00,0.00,0.78,0.78",20,,
us,reliable watch brands,luxury watch,,,,luxury watch brands,70,21,0.53,1.00,254000000,Informational,"Video Carousel, People Also Ask, Popular Products, Related Searches, AI Overview, Site Links, Video","0.17,0.12,0.17,0.17,0.17,0.23,0.28,0.35,0.23,0.17,0.23,0.12",20,,
us,swiss brand watches rankings,luxury watch,,,,luxury watch brands,50,15,0.10,0.49,165,Informational,"AI Overview, Site Links, Video, Video Carousel, People Also Ask, Discussions And Forums","0.33,0.33,0.23,0.33,0.33,0.33,0.00,0.00,0.33,0.23,0.23,0.00",20,,
us,watch brand categories,luxury watch,,,,luxury watch brands,70,21,0.00,0.26,168,Informational,"People Also Ask, Related Searches, Image Pack, Site Links, Video","0.29,0.29,0.29,0.29,0.23,0.29,0.41,0.52,0.17,0.11,0.11,0.11",20,,
us,watch brand levels,luxury watch,,,,luxury watch brands,70,15,0.00,0.06,507000000,Informational,"People Also Ask, Related Searches, Discussions And Forums, AI Overview, Image Pack, Site Links, Video, Video Carousel","0.41,0.41,0.41,0.41,0.41,0.41,0.17,0.82,0.11,0.17,0.17,0.11",20,,
us,watch brands beginning with a,luxury watch,,,,luxury watch brands,70,26,1.30,0.35,117,"Informational, Commercial","Site Links, Video, Video Carousel, People Also Ask, Related Searches","0.52,0.52,0.52,0.42,0.42,0.14,0.19,0.33,0.42,0.23,0.42,0.52",20,,
us,level watch brand,luxury watch,,,,luxury watch brands,70,21,0.00,0.06,1750000000,Informational,"Popular Products, Related Searches, AI Overview, Image Pack, Site Links, Image, Video Carousel, People Also Ask, Video","0.50,0.50,0.28,0.50,0.50,0.50,0.14,1.00,0.14,0.14,0.14,0.14",20,,
us,most expensive wathces,luxury watch,,,,luxury watch brands,40,20,0.36,0.85,165,"Informational, Commercial","Video, Image, Adwords Bottom, Video Carousel, Site Links, People Also Ask, Related Searches, Adwords Middle, AI Overview","0.00,0.25,0.00,0.00,0.00,0.00,0.00,0.00,0.00,0.00,0.00,0.00",20,,
us,ranking of watch brands,luxury watch,,,,luxury watch brands,50,28,2.52,0.28,88,Informational,"Related Searches, Short Videos, Discussions And Forums, AI Overview, Site Links, Video, Video Carousel, People Also Ask","0.05,0.05,0.04,0.05,0.07,0.05,0.07,0.05,0.05,0.04,0.05,0.04",20,,
us,rolex date two tone,luxury watch,,,,rolex datejust watches,40,19,1.85,1.00,184,Informational,"Image Pack, Site Links, Video, Image, People Also Ask, Related Searches, Discussions And Forums","0.11,1.00,0.23,0.11,0.11,0.11,0.11,0.11,0.11,0.11,0.11,0.11",20,,
us,rolex datejust watch for men,luxury watch,,,,rolex datejust watches,70,29,1.93,0.94,175,Transactional,"Site Links, Video, Video Carousel, People Also Ask, Related Searches, AI Overview","0.00,0.00,0.00,0.00,0.00,0.00,0.00,0.00,0.00,1.00,0.00,0.00",20,,
us,datejust oyster rolex,luxury watch,,,,rolex datejust watches,50,28,1.49,1.00,6890000,"Navigational, Transactional","Discussions And Forums, Image Pack, Site Links, Video, Image, People Also Ask, Popular Products, Related Searches","0.00,0.03,0.15,1.00,0.06,0.09,0.03,0.03,0.03,0.00,0.03,0.09",20,,
us,men rolex datejust,luxury watch,,,,rolex datejust watches,50,25,1.93,1.00,201,Transactional,"Video Carousel, People Also Ask, Related Searches, Site Links, Video","0.07,0.05,0.11,0.11,0.09,0.03,0.00,0.03,0.05,0.03,0.03,0.00",20,,
us,rolex datejust 42mm,luxury watch,,,,rolex datejust watches,90,24,0.38,1.00,190,"Informational, Transactional","People Also Ask, Popular Products, Related Searches, Image Pack, Site Links, Video","0.11,0.11,0.07,0.07,0.11,0.11,0.05,0.05,0.07,0.07,0.01,0.04",20,,
us,mens oyster perpetual datejust,luxury watch,,,,rolex datejust watches,70,20,1.03,1.00,192,"Informational, Commercial","Related Searches, AI Overview, Image Pack, Site Links, Video, Video Carousel, People Also Ask","0.50,0.64,0.64,0.64,0.50,0.64,0.50,0.14,0.50,0.35,0.50,0.14",20,,
us,oyster perpetual datejust mens,luxury watch,,,,rolex datejust watches,70,15,0.63,1.00,4090000,Transactional,"Video, Image, Video Carousel, People Also Ask, Popular Products, Related Searches, Image Pack, Site Links","1.00,0.78,0.35,0.50,0.50,0.50,0.50,0.14,0.64,0.35,0.50,0.14",20,,
us,what is a datejust watch,luxury watch,,,,rolex datejust watches,50,17,1.59,0.66,190,Informational,"Site Links, People Also Ask, Reviews, Video, Image, Video Carousel, Popular Products, Related Searches, AI Overview","0.14,0.00,0.50,0.35,0.14,0.14,0.21,1.00,0.78,0.14,0.35,0.14",20,,
us,gold rolex datejust watch,luxury watch,,,,rolex datejust watches,90,21,1.72,0.97,189,Transactional,"Site Links, Video, Related Searches","0.12,0.34,0.21,1.00,0.43,0.15,0.15,0.21,0.21,0.21,0.15,0.06",20,,
us,men's oyster perpetual datejust,luxury watch,,,,rolex datejust watches,70,22,1.03,1.00,187,"Informational, Transactional","Site Links, Video, Image, Adwords Bottom, Video Carousel, People Also Ask, Related Searches","0.34,0.26,0.34,0.26,0.11,0.15,0.15,0.26,0.15,0.19,0.15,0.26",20,,
us,men's rolex datejust oyster perpetual,luxury watch,,,,rolex datejust watches,50,17,0.68,1.00,167,Transactional,"Image, Adwords Bottom, People Also Ask, Related Searches, AI Overview, Image Pack, Site Links, Video","0.15,0.09,0.21,0.03,1.00,0.12,0.06,0.15,0.12,0.06,0.03,0.06",20,,
us,rolex datejust 41mm for sale,luxury watch,,,,rolex datejust watches,40,19,0.37,0.88,3610000,"Informational, Transactional","Local Pack, Site Links, Video, Image, Related Searches, Knowledge Panel","0.42,0.07,0.07,0.26,0.26,0.15,0.15,0.11,0.42,0.26,0.11,0.15",20,,
us,rolex datejust men's,luxury watch,,,,rolex datejust watches,30,22,1.44,1.00,199,Transactional,"Image Pack, Site Links, Video, Image, People Also Ask, Related Searches","0.07,0.07,0.07,0.42,0.07,0.07,0.00,0.07,0.07,0.07,0.07,0.07",20,,
us,rolex datejust sale,luxury watch,,,,rolex datejust watches,50,16,0.28,1.00,171,Transactional,"Site Links, Video, Related Searches","0.19,0.23,0.23,0.23,0.14,0.80,0.33,0.52,0.52,1.00,0.19,0.42",20,,
us,rolex mens datejust oyster perpetual,luxury watch,,,,rolex datejust watches,50,28,1.32,1.00,190,"Informational, Transactional","Video Carousel, People Also Ask, Popular Products, Related Searches, Site Links, Video","0.00,0.00,0.00,0.00,0.67,0.00,0.00,0.00,1.00,0.00,0.00,0.00",20,,
us,rolex oyster perpetual datejust mens,luxury watch,,,,rolex datejust watches,50,28,1.32,1.00,197,Transactional,"Video, Image, People Also Ask, Related Searches, AI Overview, Image Pack, Site Links","0.05,0.05,0.07,0.01,0.01,0.01,0.11,0.11,0.00,0.00,0.00,0.01",20,,
us,rolex two tone date,luxury watch,,,,rolex datejust watches,30,22,1.85,1.00,185,Transactional,"Image, Adwords Bottom, People Also Ask, Related Searches, Discussions And Forums, Site Links, Video","0.18,1.00,0.18,0.18,0.18,0.18,0.18,0.18,0.18,0.18,0.18,0.18",20,,
us,rolexdatejust,luxury watch,,,,rolex datejust watches,40,22,1.48,1.00,12200000,"Informational, Transactional","Video, Adwords Bottom, Video Carousel, Popular Products, Image Pack, Image, People Also Ask, Related Searches, Things To Know, Discussions And Forums, Site Links","0.00,0.00,0.01,0.01,0.03,0.00,0.16,0.03,0.02,0.24,0.02,0.20",20,,
us,31mm rolex women,luxury watch,,,,rolex datejust watches,70,17,1.44,0.99,193,Informational,"Image Pack, Site Links, Video, Video Carousel, People Also Ask, Related Searches","0.14,0.78,0.28,0.78,0.35,0.78,0.14,1.00,0.50,0.50,0.35,0.35",20,,
us,42mm rolex datejust,luxury watch,,,,rolex datejust watches,90,27,0.27,1.00,203,"Informational, Transactional","Image Pack, Site Links, Video, Image, People Also Ask, Related Searches","0.42,0.42,0.19,0.26,0.34,0.34,0.34,0.34,0.26,0.26,0.26,0.26",20,,
us,gold datejust men,luxury watch,,,,rolex datejust watches,40,16,0.00,0.75,5330000,"Informational, Commercial","Image Pack, Site Links, Video, Image, Video Carousel, Popular Products, Related Searches","0.11,0.11,0.11,0.11,0.11,0.11,0.11,0.11,0.11,0.00,0.11,0.11",20,,
us,gold men's rolex datejust,luxury watch,,,,rolex datejust watches,40,26,0.63,1.00,190,Transactional,"Site Links, Video, Adwords Bottom, Video Carousel, Short Videos, Adwords Top, People Also Ask, Popular Products, Related Searches","0.15,0.34,0.19,0.07,0.19,0.19,0.07,0.03,1.00,0.00,0.00,0.00",20,,
us,men's gold rolex datejust,luxury watch,,,,rolex datejust watches,90,18,0.74,1.00,186,Transactional,"Image Pack, Site Links, Reviews, Video, Related Searches","0.26,0.26,1.00,0.19,0.19,0.15,0.15,0.03,1.00,0.15,0.00,0.15",20,,
us,oyster perpetual datejust stainless steel,luxury watch,,,,rolex datejust watches,70,20,0.00,1.00,200,"Informational, Commercial","Video Carousel, People Also Ask, Popular Products, Related Searches, AI Overview, Site Links, Video","0.04,0.04,0.04,0.04,1.00,0.04,0.04,0.04,0.04,0.04,0.04,0.04",20,,
us,rolex datejust mens stainless steel,luxury watch,,,,rolex datejust watches,40,18,0.92,0.69,192,Transactional,"Related Searches, Site Links, Video","1.00,1.00,0.18,0.18,0.18,0.18,0.18,0.18,0.18,0.18,0.18,0.18",20,,
us,rolex datejust two tone gold,luxury watch,,,,rolex datejust watches,30,18,1.24,1.00,184,Informational,"Related Searches, Discussions And Forums, Image Pack, Site Links, Video, Image, Popular Products","0.18,0.18,0.18,1.00,0.18,0.18,0.18,0.18,0.18,0.18,0.18,1.00",20,,
us,rolex for sale 41mm,luxury watch,,,,rolex datejust watches,40,15,0.63,1.00,204,Transactional,"Site Links, Video, People Also Ask, Local Pack","0.36,0.36,0.27,0.36,0.36,0.36,0.36,0.36,0.36,0.27,0.27,0.18",20,,
us,rolex mens stainless steel datejust,luxury watch,,,,rolex datejust watches,40,29,0.92,0.69,195,Transactional,"Image Pack, Site Links, Video, People Also Ask, Related Searches","1.00,1.00,0.18,0.18,0.18,0.18,0.18,0.18,0.18,0.18,0.18,0.18",20,,
us,rolex oyster datejust 41,luxury watch,,,,rolex datejust watches,70,27,2.66,1.00,205,Transactional,"Knowledge Panel, Image Pack, Site Links, Reviews, Video, Image, People Also Ask, Related Searches","0.50,0.35,0.35,0.50,0.50,0.50,1.00,0.50,0.28,0.28,0.35,0.50",20,,
us,value of rolex oyster perpetual datejust,luxury watch,,,,rolex datejust watches,50,25,1.53,1.00,157,"Informational, Commercial","Site Links, Video, Image, People Also Ask, Popular Products, Related Searches, Discussions And Forums, AI Overview","0.21,0.28,0.50,0.35,0.50,0.50,0.07,0.14,0.50,0.35,0.35,1.00",20,,
us,all gold datejust rolex,luxury watch,,,,rolex datejust watches,50,27,0.76,1.00,221,"Informational, Transactional","Image Pack, Site Links, Reviews, Video, Video Carousel, Popular Products, Related Searches","1.00,0.04,0.00,0.00,0.09,0.09,0.04,0.14,0.42,0.14,0.00,0.33",20,,
us,datejust rolex mens,luxury watch,,,,rolex datejust watches,40,24,1.93,1.00,196,Transactional,"Site Links, Video, People Also Ask, Related Searches, AI Overview, Image Pack","0.35,0.28,1.00,0.35,0.21,0.21,0.28,0.14,0.28,0.07,0.00,0.07",20,,
us,datejust stainless,luxury watch,,,,rolex datejust watches,90,25,0.49,1.00,225,"Informational, Commercial","Site Links, Video, Image, Video Carousel, People Also Ask, Popular Products, Related Searches, Image Pack","0.53,0.53,0.34,0.34,0.42,0.53,0.15,0.15,0.15,0.11,0.26,0.26",20,,
us,mens rolex datejust for sale,luxury watch,,,,rolex datejust watches,40,18,0.27,1.00,166,Transactional,"Local Pack, Site Links, Video, Related Searches","0.18,0.03,0.03,0.03,0.03,0.03,0.03,0.03,0.05,0.03,0.03,0.03",20,,
us,new rolex datejust 41,luxury watch,,,,rolex datejust watches,40,23,1.00,1.00,192,Transactional,"Image, Video Carousel, People Also Ask, Popular Products, Related Searches, Site Links, Video","0.21,0.14,0.14,0.35,0.35,0.21,0.35,0.64,0.50,0.50,0.50,1.00",20,,
us,rolex datejust 41 oyster bracelet,luxury watch,,,,rolex datejust watches,90,27,0.00,0.97,3840000,Transactional,"Video, Image, People Also Ask, Popular Products, Related Searches, Discussions And Forums, Image Pack, Site Links","0.04,0.04,0.04,0.22,0.22,1.00,0.14,0.10,0.14,0.10,0.08,0.10",20,,
us,rolex datejust oyster perpetual blue face,luxury watch,,,,rolex datejust watches,90,27,0.91,1.00,172,"Informational, Transactional","Image, Video Carousel, People Also Ask, Popular Products, Related Searches, Image Pack, Site Links, Video","0.42,0.52,0.33,0.42,0.42,0.52,0.52,0.52,0.52,0.33,0.52,0.52",20,,
us,rolex datejust perpetual oyster price,luxury watch,,,,rolex datejust watches,70,29,2.26,1.00,178,Transactional,"Site Links, Video, Image, People Also Ask, Related Searches, Image Pack","0.00,0.00,0.00,0.01,0.00,0.01,0.00,0.00,0.00,0.00,0.00,0.00",20,,
us,rolex datejust stainless steel price,luxury watch,,,,rolex datejust watches,30,22,0.58,0.94,8910000,Transactional,"Image Pack, Site Links, Video, Image, People Also Ask, Popular Products, Related Searches, Discussions And Forums","0.22,0.33,0.22,1.00,0.55,0.22,0.22,0.22,0.22,0.22,0.22,0.22",20,,
us,rolex datejust used for sale,luxury watch,,,,rolex datejust watches,50,19,0.30,1.00,137,Transactional,"Local Pack, Site Links, Video, People Also Ask, Popular Products, Related Searches","0.36,0.45,0.63,0.63,0.36,0.63,0.63,0.63,0.63,0.45,0.63,0.81",20,,
us,rolex oyster perpetual datejust 18k gold,luxury watch,,,,rolex datejust watches,30,21,2.07,1.00,194,"Informational, Transactional","Related Searches, Image Pack, Site Links, Video, Image, Video Carousel, People Also Ask, Popular Products","0.14,0.14,0.14,0.14,0.14,0.14,0.14,0.14,0.14,0.14,0.14,0.14",20,,
us,rolex stainless steel datejust watch,luxury watch,,,,rolex datejust watches,40,16,0.00,0.55,7650000,Transactional,"Site Links, Video, Image, Video Carousel, People Also Ask, Related Searches","0.18,0.18,0.18,0.18,0.18,0.18,0.18,0.18,0.18,0.18,0.18,0.18",20,,
us,stainless datejust rolex watch,luxury watch,,,,rolex datejust watches,90,25,1.42,1.00,201,Transactional,"Site Links, Video, People Also Ask, Related Searches","0.52,0.41,0.41,0.52,0.52,0.52,0.41,0.64,0.52,0.41,0.41,0.52",20,,
us,stainless steel rolex oyster perpetual datejust,luxury watch,,,,rolex datejust watches,30,25,1.29,0.99,6600000,"Informational, Transactional","Popular Products, Related Searches, Discussions And Forums, Image Pack, Site Links, Video, Image, People Also Ask","0.33,0.55,1.00,0.55,0.77,0.33,0.33,0.00,0.22,0.00,0.11,0.22",20,,
us,steel rolex datejust,luxury watch,,,,rolex datejust watches,30,15,1.72,1.00,201,Transactional,"People Also Ask, Related Searches, Site Links, Video, Image, Adwords Bottom, Video Carousel","0.11,0.07,0.15,0.07,0.07,0.03,0.07,0.15,0.34,0.07,0.03,0.03",20,,
us,watches rolex oyster perpetual datejust,luxury watch,,,,rolex datejust watches,50,27,1.56,0.28,164,Transactional,"Site Links, Video, Video Carousel","0.00,0.00,0.00,0.04,0.00,0.07,0.00,0.01,0.01,0.00,0.00,0.00",20,,
us,cheapest rolex datejust,luxury watch,,,,rolex datejust watches,50,27,0.40,1.00,148,Informational,"Site Links, Video, Image, Video Carousel, People Also Ask, Related Searches, Discussions And Forums, AI Overview","0.71,0.71,0.71,0.57,0.57,0.71,0.57,1.00,0.71,0.57,0.57,0.71",20,,
us,rolex datejust 31 women's,luxury watch,,,,rolex datejust watches,90,23,1.20,1.00,198,"Informational, Transactional","Related Searches, Discussions And Forums, Knowledge Panel, Image Pack, Site Links, Video, Image, People Also Ask","0.41,0.52,0.64,0.41,0.41,0.41,0.64,0.82,0.82,0.00,0.82,1.00",20,,
us,rolex datejust 36mm women's,luxury watch,,,,rolex datejust watches,30,18,0.67,1.00,2080000,Transactional,"Site Links, Video, Image, Related Searches, Discussions And Forums","0.57,0.00,0.28,0.42,0.14,0.28,1.00,0.71,0.71,0.71,0.28,1.00",20,,
us,rolex datejust 41 2019 price,luxury watch,,,,rolex datejust watches,40,23,0.00,0.57,173,Transactional,"People Also Ask, Popular Products, Related Searches, Site Links, Video","0.14,0.50,0.14,0.14,0.14,0.00,0.00,0.14,0.14,0.14,0.14,0.14",20,,
us,rolex datejust 41mm oyster perpetual,luxury watch,,,,rolex datejust watches,70,19,0.78,1.00,190,"Informational, Transactional","Knowledge Panel, Site Links, Video, Related Searches","0.64,0.64,0.35,0.64,0.35,1.00,0.78,0.35,0.64,0.50,1.00,0.50",20,,
us,rolex datejust watches for sale,luxury watch,,,,rolex datejust watches,90,21,0.00,1.00,169,Transactional,"Local Pack, Site Links, Video, Popular Products, Related Searches","0.03,0.03,0.18,1.00,0.05,0.08,0.06,0.05,0.05,0.06,0.03,0.03",20,,
us,rolex datjust 41mm,luxury watch,,,,rolex datejust watches,90,16,0.70,1.00,202,Transactional,"Site Links, Video, Image, People Also Ask, Related Searches","0.00,0.00,0.00,0.00,0.00,0.00,0.00,0.00,0.00,1.00,0.00,0.00",20,,
us,rolex mens datejust 36mm,luxury watch,,,,rolex datejust watches,70,15,0.57,1.00,198,Transactional,"Video Carousel, Related Searches, Site Links, Video, Image","0.19,0.23,0.52,0.66,0.42,0.19,0.66,0.23,0.80,0.00,0.04,0.09",20,,
us,rolex two tone oyster,luxury watch,,,,rolex datejust watches,40,27,1.38,1.00,190,Transactional,"Video, People Also Ask, Related Searches, Discussions And Forums, Image Pack, Site Links, Reviews","1.00,0.33,0.33,0.33,0.22,0.44,1.00,0.44,0.33,1.00,0.22,0.44",20,,
us,stainless steel rolex datejust 41,luxury watch,,,,rolex datejust watches,90,23,0.73,0.89,5170000,Transactional,"Video, Image, Video Carousel, People Also Ask, Related Searches, Discussions And Forums, Site Links","0.04,0.04,0.22,0.22,0.22,1.00,0.43,0.08,0.08,0.06,0.04,0.04",20,,
us,value of a rolex oyster perpetual datejust,luxury watch,,,,rolex datejust watches,30,22,1.53,1.00,138,"Informational, Commercial","Video Carousel, People Also Ask, Related Searches, Discussions And Forums, AI Overview, Site Links, Video, Image","0.00,0.00,0.00,0.00,1.00,0.07,0.00,0.07,0.14,0.07,0.07,0.07",20,,
us,datejust ii rolex 41mm,luxury watch,,,,rolex datejust watches,90,20,0.81,0.98,185,Informational,"Site Links, Video, Adwords Bottom, Video Carousel, Related Searches, Discussions And Forums","0.64,0.78,0.50,0.64,0.50,1.00,0.78,1.00,0.78,0.50,0.64,0.50",20,,
us,datejust rolex 41mm,luxury watch,,,,rolex datejust watches,90,20,0.70,1.00,208,"Informational, Transactional","Image Pack, Site Links, Video, Video Carousel, Related Searches","0.02,0.02,0.04,0.03,0.03,0.02,0.04,0.36,0.03,0.02,0.02,0.03",20,,
us,gold men's rolex oyster perpetual datejust,luxury watch,,,,rolex datejust watches,40,20,0.60,1.00,171,Transactional,"Video, Image, People Also Ask, Related Searches, Image Pack, Site Links","1.00,0.18,0.27,0.18,0.18,0.63,0.63,0.18,0.63,0.00,0.45,0.18",20,,
us,hombres rolex datejust,luxury watch,,,,rolex datejust watches,70,27,0.00,0.79,191,"Informational, Transactional","Image Pack, Site Links, Video, Image, Video Carousel, People Also Ask, Related Searches","1.00,0.18,1.00,1.00,0.18,0.18,1.00,0.18,0.18,0.18,0.18,0.18",20,,
us,mens datejust rolex for sale,luxury watch,,,,rolex datejust watches,40,17,0.27,1.00,136,Transactional,"Local Pack, Site Links, Video, Related Searches","1.00,0.18,0.18,0.18,0.18,0.18,0.18,0.18,0.18,0.18,0.18,0.18",20,,
us,real rolex oyster perpetual datejust,luxury watch,,,,rolex datejust watches,30,20,2.00,0.90,172,"Informational, Commercial","Image Pack, Site Links, Reviews, Video, Image, Video Carousel, Discussions And Forums, AI Overview, People Also Ask, Popular Products, Related Searches","0.41,0.11,0.11,0.11,0.11,0.17,0.11,0.17,0.11,0.11,0.11,0.64",20,,
us,rolex 31 mm datejust,luxury watch,,,,rolex datejust watches,70,28,1.13,1.00,206,Transactional,"Popular Products, Related Searches, Image Pack, Site Links, Video, Image, Video Carousel","0.35,0.14,0.50,0.35,0.50,0.21,0.50,1.00,0.78,0.35,0.78,0.78",20,,
us,rolex 41mm datejust ii,luxury watch,,,,rolex datejust watches,40,15,2.04,1.00,172,Informational,"Related Searches, Knowledge Panel, Site Links, Video, Video Carousel, People Also Ask","1.00,0.80,1.00,1.00,0.80,0.60,0.80,0.80,1.00,0.80,0.80,0.80",20,,
us,rolex datejust 18k yellow gold,luxury watch,,,,rolex datejust watches,50,17,0.57,0.89,197,"Informational, Transactional","Image Pack, Site Links, Video, People Also Ask, Popular Products, Related Searches","0.18,0.18,0.18,1.00,1.00,1.00,0.27,0.18,0.27,0.36,0.27,0.18",20,,
us,rolex datejust 31 women,luxury watch,,,,rolex datejust watches,40,15,1.16,1.00,200,Informational,"Image Pack, Site Links, Video, Image, People Also Ask","0.28,0.14,0.28,0.35,0.35,0.28,0.35,0.35,0.35,0.35,0.50,0.64",20,,
us,rolex datejust 41 new,luxury watch,,,,rolex datejust watches,50,23,1.00,1.00,206,Transactional,"Popular Products, Related Searches, Site Links, Video, Image, Video Carousel, People Also Ask","0.18,0.27,0.36,0.36,0.18,0.63,0.81,0.63,0.27,0.09,0.09,0.45",20,,
us,rolex datejust collection,luxury watch,,,,rolex datejust watches,50,29,1.61,0.81,9590000,Transactional,"Adwords Bottom, Related Searches, Discussions And Forums, Site Links, Video, Image","0.18,0.18,1.00,1.00,1.00,0.18,0.18,0.18,0.18,0.18,0.18,0.18",20,,
us,rolex datejust silver and gold,luxury watch,,,,rolex datejust watches,30,18,1.33,1.00,172,"Informational, Transactional","Video, Video Carousel, Popular Products, Related Searches, Image Pack, Site Links","0.42,0.71,0.28,0.28,0.14,0.14,0.14,0.28,0.00,0.42,0.42,0.42",20,,
us,rolex oyster perpetual datejust gold with diamonds,luxury watch,,,,rolex datejust watches,70,23,1.87,0.99,167,"Informational, Transactional","Site Links, Video, Image, Adwords Bottom, People Also Ask, Related Searches, Image Pack","0.42,0.42,0.33,0.33,0.33,0.52,0.52,0.33,0.33,0.33,0.33,0.23",20,,
us,buy rolex date just,luxury watch,,,,rolex datejust watches,30,27,1.29,1.00,210,Transactional,"Local Pack, Site Links, Video, Related Searches","0.44,0.22,0.33,0.22,0.33,0.33,0.22,0.33,0.55,0.00,0.22,0.77",20,,
us,datejust ladies 31mm,luxury watch,,,,rolex datejust watches,50,22,1.26,1.00,190,Informational,"Video Carousel, People Also Ask, Related Searches, Image Pack, Site Links, Video","0.09,0.09,0.04,0.14,0.19,0.23,0.80,0.14,0.33,0.33,0.33,0.52",20,,
us,datejust stainless steel,luxury watch,,,,rolex datejust watches,40,15,0.49,1.00,8340000,"Informational, Commercial","Discussions And Forums, Image Pack, Site Links, Video, Image, People Also Ask, Popular Products, Related Searches","0.57,0.57,0.71,0.71,0.42,0.71,0.71,0.71,0.28,0.00,0.71,0.71",20,,
us,rolex 18k gold datejust,luxury watch,,,,rolex datejust watches,70,23,1.13,1.00,198,"Informational, Transactional","Image Pack, Site Links, Video, Video Carousel, People Also Ask, Popular Products, Related Searches","0.14,0.14,0.14,0.78,0.78,0.14,0.14,1.00,1.00,0.50,0.35,0.50",20,,
us,rolex 36mm datejust gold,luxury watch,,,,rolex datejust watches,90,15,0.58,1.00,199,Transactional,"Popular Products, Related Searches, Image Pack, Site Links, Video, Video Carousel, People Also Ask","1.00,0.45,0.81,1.00,1.00,1.00,1.00,1.00,0.81,0.45,0.81,0.63",20,,
us,rolex date just ii,luxury watch,,,,rolex datejust watches,30,29,0.65,1.00,5840000,Informational,"Discussions And Forums, Image Pack, Site Links, Video, Image, People Also Ask, Related Searches","0.15,0.15,0.26,0.19,0.03,0.03,0.03,0.00,0.03,0.00,0.00,0.00",20,,
us,rolex datejust 31 mm,luxury watch,,,,rolex datejust watches,90,24,0.94,1.00,204,Transactional,"Image Pack, Site Links, Video, Popular Products, Related Searches","0.52,0.52,0.52,0.52,1.00,0.33,0.52,0.52,0.42,0.42,0.42,0.66",20,,
us,rolex datejust 36mm silver dial,luxury watch,,,,rolex datejust watches,90,19,0.37,1.00,168,"Informational, Transactional","Video, Image, Video Carousel, Related Searches, Image Pack, Site Links","0.52,0.41,0.41,0.52,0.41,0.41,0.29,0.41,0.41,0.29,0.52,0.41",20,,
us,rolex datejust 41 msrp,luxury watch,,,,rolex datejust watches,30,22,1.85,0.84,171,Informational,"Video, Image, People Also Ask, Related Searches, AI Overview, Site Links","0.60,1.00,0.60,0.40,0.40,0.40,0.40,0.40,0.40,0.80,0.40,0.60",20,,
us,rolex datejust gold 36mm,luxury watch,,,,rolex datejust watches,30,18,0.58,1.00,3280000,"Informational, Transactional","Related Searches, Image Pack, Site Links, Video, Image, People Also Ask, Popular Products","0.07,0.14,0.07,0.21,0.14,0.28,0.35,0.21,0.07,0.07,0.14,0.07",20,,
us,rolex datejust gold black dial,luxury watch,,,,rolex datejust watches,70,18,1.21,1.00,195,"Informational, Transactional","People Also Ask, Popular Products, Related Searches, Image Pack, Site Links, Video, Image, Video Carousel","0.26,0.26,0.26,0.42,0.26,0.65,0.34,0.19,0.26,0.15,0.07,0.07",20,,
us,rolex datejust silver dial 36mm,luxury watch,,,,rolex datejust watches,70,27,0.37,1.00,191,Transactional,"Discussions And Forums, Image, Image Pack, Site Links, Video, Video Carousel, People Also Ask, Popular Products, Related Searches","0.42,0.33,0.33,0.42,0.33,0.33,0.23,0.33,0.33,0.23,0.33,0.33",20,,
us,rolex oyster perpetual datejust 31,luxury watch,,,,rolex datejust watches,70,24,0.92,1.00,193,Transactional,"Adwords Bottom, Popular Products, Site Links, Video, Video Carousel, People Also Ask, Related Searches, Short Videos, Image","0.18,0.18,0.05,0.18,0.23,0.06,0.06,0.11,0.11,0.08,0.08,0.11",20,,
us,rolex oyster perpetual datejust white dial,luxury watch,,,,rolex datejust watches,90,18,0.00,1.00,6620000,"Informational, Transactional","Image, Video Carousel, People Also Ask, Related Searches, Image Pack, Site Links, Video","0.33,0.33,0.33,0.23,0.19,0.23,0.23,0.23,0.23,0.09,0.09,0.09",20,,
us,rolex steel datejust,luxury watch,,,,rolex datejust watches,30,26,1.86,1.00,200,Transactional,"Site Links, Reviews, Video, Image, People Also Ask, Related Searches, Image Pack","0.15,0.11,0.19,0.07,0.07,0.07,0.07,0.07,0.07,0.07,0.07,0.07",20,,
us,rolex women's datejust 31,luxury watch,,,,rolex datejust watches,90,17,1.16,1.00,190,"Informational, Transactional","People Also Ask, Related Searches, Knowledge Panel, Image Pack, Site Links, Video","0.17,0.23,0.17,0.10,0.17,0.17,0.00,0.35,0.35,0.28,0.35,0.43",20,,
us,rollex datejust,luxury watch,,,,rolex datejust watches,30,22,1.88,1.00,11400,"Informational, Transactional","Video, Image, Adwords Bottom, People Also Ask, Related Searches, Things To Know, Image Pack, Site Links","0.00,0.00,0.01,0.00,0.01,0.13,0.00,0.00,0.00,0.00,0.01,0.01",20,,
us,stainless steel datejust rolex,luxury watch,,,,rolex datejust watches,50,25,0.66,1.00,7560000,Transactional,"Video, Image, Video Carousel, People Also Ask, Popular Products, Related Searches, Site Links","0.23,0.33,0.19,0.42,0.23,0.19,0.09,0.09,0.23,0.04,0.14,0.04",20,,
us,31 rolex datejust,luxury watch,,,,rolex datejust watches,70,26,1.26,1.00,199,Transactional,"Site Links, Video, People Also Ask, Popular Products, Related Searches","0.03,0.00,0.00,0.31,0.01,0.01,0.00,0.00,0.01,0.00,0.00,0.02",20,,
us,36 mm datejust rolex,luxury watch,,,,rolex datejust watches,50,23,0.53,1.00,196,Transactional,"Site Links, Video, Image, Video Carousel, People Also Ask, Related Searches","0.21,0.14,0.14,0.35,0.50,0.78,0.78,1.00,1.00,0.78,1.00,0.78",20,,
us,black rolex oyster perpetual datejust,luxury watch,,,,rolex datejust watches,50,20,1.57,1.00,185,Informational,"Video, Image, Video Carousel, People Also Ask, Related Searches, Image Pack, Site Links","1.00,0.00,0.28,0.21,0.78,1.00,0.50,0.00,0.35,0.28,0.07,0.14",20,,
us,diamond rolex datejust,luxury watch,,,,rolex datejust watches,90,22,1.29,1.00,182,Transactional,"Site Links, Video, Popular Products, Related Searches, Image Pack","0.08,0.08,0.01,0.11,1.00,0.01,0.03,0.06,0.08,0.05,0.06,0.15",20,,
us,how much is a rolex oyster perpetual datejust worth,luxury watch,,,,rolex datejust watches,40,23,2.40,0.97,171,Informational,"Discussions And Forums, Site Links, Video, Image, People Also Ask, Related Searches","0.11,0.11,0.17,0.11,0.11,0.11,0.64,0.11,0.41,0.23,0.11,0.64",20,,
us,rolex 126334 for sale,luxury watch,,,,rolex datejust watches,50,19,0.37,1.00,93,Transactional,"People Also Ask, Related Searches, Local Pack, Site Links, Reviews, Video","0.36,0.27,0.36,1.00,1.00,0.36,0.36,0.27,0.36,0.36,0.27,0.27",20,,
us,rolex 40mm datejust,luxury watch,,,,rolex datejust watches,70,28,0.42,1.00,191,Transactional,"Video, Image, Video Carousel, People Also Ask, Popular Products, Related Searches, Image Pack, Site Links","0.41,0.41,0.41,0.41,0.29,0.41,0.29,0.29,0.52,1.00,0.41,0.41",20,,
us,rolex datejust 18k gold price,luxury watch,,,,rolex datejust watches,40,15,0.36,0.99,180,Transactional,"Image, People Also Ask, Popular Products, Related Searches, AI Overview, Site Links, Reviews, Video","0.18,0.63,0.45,0.45,0.63,0.45,0.27,0.18,0.27,0.18,0.18,0.18",20,,
us,rolex datejust 31 watch,luxury watch,,,,rolex datejust watches,50,23,1.29,0.61,201,"Informational, Transactional","Image Pack, Site Links, Video, Video Carousel, People Also Ask, Popular Products, Related Searches","0.18,0.18,0.18,1.00,1.00,1.00,0.18,0.18,0.63,0.63,0.45,1.00",20,,
us,rolex datejust 41 oyster perpetual,luxury watch,,,,rolex datejust watches,30,29,1.77,0.99,203,"Informational, Transactional","Site Links, Video, Image, Shopping Ads, Video Carousel, People Also Ask, Related Searches, Knowledge Panel","0.14,0.07,0.50,0.07,0.14,0.00,0.78,0.00,0.00,0.21,0.64,0.14",20,,
us,rolex datejust precio,luxury watch,,,,rolex datejust watches,30,24,2.02,1.00,170,"Informational, Transactional","AI Overview, Image Pack, Site Links, Video, People Also Ask, Popular Products, Related Searches","0.40,0.80,0.40,0.60,0.60,0.60,0.40,0.40,0.40,0.40,1.00,0.60",20,,
us,rolex watch for woman,luxury watch,,,,women rolex watches,70,28,1.56,1.00,183,Transactional,"Adwords Bottom, Video Carousel, People Also Ask, Related Searches, Image Pack, Site Links, Video, Adwords Top","0.02,0.07,0.00,0.00,0.01,0.00,0.00,0.02,0.01,0.00,0.00,0.01",20,,
us,watches rolex presidential,luxury watch,,,,women rolex watches,30,16,1.57,1.00,8420000,"Informational, Commercial","Site Links, Video, Video Carousel, Popular Products, AI Overview, Local Pack, Image, People Also Ask, Related Searches","0.00,0.00,0.00,1.00,0.00,0.00,0.00,0.00,0.00,0.00,0.00,0.00",20,,
us,rolex women watxh,luxury watch,,,,women rolex watches,70,28,0.00,0.00,195,Transactional,"Related Searches, Image Pack, Site Links, Video, Image, People Also Ask","0.00,0.00,0.01,0.00,0.00,0.00,0.01,0.00,0.00,0.00,0.00,0.00",20,,
us,rolex wonen,luxury watch,,,,women rolex watches,70,26,1.53,1.00,92800000,Transactional,"People Also Ask, Related Searches, Things To Know, Image Pack, Site Links, Video, Image","0.06,0.06,0.04,0.06,0.02,0.00,0.02,0.08,0.00,0.00,0.02,0.02",20,,
us,rolex lady watches,luxury watch,,,,women rolex watches,70,24,1.93,1.00,175,Transactional,"Image Pack, Site Links, Video, Image, Adwords Bottom, People Also Ask, Related Searches","0.04,0.03,0.04,0.04,0.00,0.02,0.00,0.02,0.01,0.00,0.02,0.01",20,,
us,womens diamond rolex watch,luxury watch,,,,women rolex watches,50,27,1.85,1.00,193,Transactional,"Related Searches, Image Pack, Site Links, Video, Video Carousel, People Also Ask","0.12,0.15,0.03,0.12,1.00,0.12,0.06,0.21,0.03,0.06,0.09,0.09",20,,
us,womens gold rolex oyster perpetual datejust,luxury watch,,,,women rolex watches,50,18,1.03,1.00,182,Transactional,"Related Searches, Image Pack, Site Links, Video, Video Carousel","1.00,1.00,0.18,0.18,0.63,0.18,0.18,0.18,0.18,0.18,0.18,0.18",20,,
us,ladies rolex gold and silver,luxury watch,,,,women rolex watches,50,22,1.85,1.00,189,"Informational, Transactional","Video, People Also Ask, Popular Products, Related Searches, Image Pack, Site Links, Reviews","0.04,0.09,0.14,0.09,0.00,0.14,0.04,0.23,0.66,1.00,0.33,0.14",20,,
us,ladies rolex quartz watch,luxury watch,,,,women rolex watches,40,22,1.36,0.95,5600000,"Informational, Commercial","Related Searches, Image Pack, Site Links, Video, Image, People Also Ask, Popular Products","0.63,0.63,0.63,0.45,0.45,0.45,0.18,0.18,0.18,0.00,1.00,0.18",20,,
us,rolex ladies dress watch,luxury watch,,,,women rolex watches,50,23,0.53,0.74,201,Transactional,"Image Pack, Site Links, Video, Video Carousel, People Also Ask, Popular Products, Related Searches","0.11,0.11,0.11,0.64,0.11,0.64,0.64,0.11,0.11,0.64,0.41,0.64",20,,
us,small rolex watch women,luxury watch,,,,women rolex watches,30,25,1.67,1.00,180,Transactional,"Site Links, Video, Image, Video Carousel, People Also Ask, Related Searches, AI Overview, Image Pack","1.00,0.22,0.33,0.55,0.33,0.11,0.11,0.00,0.11,0.00,0.00,0.00",20,,
us,women's how much is a rolex watch,luxury watch,,,,women rolex watches,30,27,1.57,0.73,15900000,Informational,"People Also Ask, Popular Products, Related Searches, Image Pack, Site Links, Video, Image","0.00,0.11,0.41,0.52,0.41,0.11,0.17,0.11,0.00,0.11,0.05,0.00",20,,
us,female watches rolex,luxury watch,,,,women rolex watches,50,15,1.93,1.00,182,"Informational, Transactional","Site Links, Video, Adwords Bottom, People Also Ask, Related Searches, AI Overview, Image Pack","0.29,0.29,0.02,0.18,0.10,0.35,0.02,0.02,0.02,0.02,0.00,0.00",20,,
us,ladies oyster perpetual rolex watch,luxury watch,,,,women rolex watches,30,24,0.61,1.00,6020000,Transactional,"Popular Products, Related Searches, Image Pack, Site Links, Video, Image, Video Carousel, People Also Ask","0.21,0.00,0.00,0.00,0.00,0.00,0.00,0.00,0.34,0.00,0.00,0.00",20,,
us,rolex datejust women watch,luxury watch,,,,women rolex watches,40,24,1.68,0.13,5700000,Transactional,"People Also Ask, Popular Products, Related Searches, Video, Image, Adwords Bottom, Video Carousel, Image Pack, Site Links","0.42,0.00,0.71,0.28,0.28,1.00,0.71,0.28,0.14,0.14,0.14,0.28",20,,
us,rolex ladies watch oyster perpetual datejust,luxury watch,,,,women rolex watches,30,18,1.66,1.00,202,Transactional,"Video Carousel, People Also Ask, Popular Products, Related Searches, Image Pack, Site Links, Video","0.18,0.18,0.18,0.18,0.18,0.18,0.18,0.18,0.18,0.18,0.18,1.00",20,,
us,rolex lady perpetual datejust,luxury watch,,,,women rolex watches,30,27,1.45,1.00,196,"Informational, Transactional","Video, Image, People Also Ask, Related Searches, Knowledge Panel, Image Pack, Site Links","0.27,1.00,0.18,0.00,0.00,0.00,0.00,0.00,0.00,0.00,0.00,0.00",20,,
us,rolex perpetual datejust women's,luxury watch,,,,women rolex watches,50,17,1.45,1.00,202,"Informational, Transactional","Video Carousel, People Also Ask, Related Searches, Image Pack, Site Links, Video","1.00,1.00,0.18,0.18,0.18,0.18,0.00,0.18,0.18,0.18,0.18,0.18",20,,
us,rolex silver womens watch,luxury watch,,,,women rolex watches,50,22,1.58,1.00,202,Transactional,"People Also Ask, Popular Products, Related Searches, Image Pack, Site Links, Video, Image","0.03,0.07,0.53,0.03,0.03,0.03,0.42,0.34,0.42,1.00,0.53,1.00",20,,
us,rolex watch price women,luxury watch,,,,women rolex watches,70,27,1.74,1.00,26100000,Transactional,"People Also Ask, Related Searches, Image Pack, Site Links, Video, Image","0.15,0.03,0.65,0.19,0.42,0.03,0.42,1.00,0.34,0.00,0.53,0.42",20,,
us,rolex women's diamond watch,luxury watch,,,,women rolex watches,90,18,1.82,1.00,188,"Informational, Transactional","People Also Ask, Short Videos, Image Pack, Site Links, Video, Adwords Bottom","0.09,0.05,0.12,0.54,0.23,0.09,0.01,0.06,0.09,0.05,0.06,0.09",20,,
us,rolex women's watch with diamonds,luxury watch,,,,women rolex watches,50,22,1.82,1.00,186,Transactional,"Popular Products, Related Searches, Image Pack, Site Links, Video, People Also Ask","0.14,0.28,0.50,0.78,0.50,0.07,0.28,0.78,0.64,0.50,0.50,0.35",20,,
us,women rolex models,luxury watch,,,,women rolex watches,90,29,2.39,1.00,167,"Informational, Commercial","Video, Image, People Also Ask, Popular Products, Related Searches, AI Overview, Image Pack, Site Links","1.00,0.36,0.45,0.81,0.63,1.00,0.81,1.00,0.81,0.63,0.81,0.63",20,,
us,how much is a ladies rolex watch,luxury watch,,,,women rolex watches,90,21,1.07,0.95,163,Informational,"Video, Adwords Bottom, People Also Ask, Related Searches, AI Overview, Site Links","0.50,0.64,1.00,0.64,0.64,0.50,0.64,1.00,0.78,0.50,0.78,0.78",20,,
us,ladies rolex date,luxury watch,,,,women rolex watches,30,25,2.06,1.00,202,Transactional,"Site Links, Video, Image, Video Carousel, Related Searches","0.42,0.42,0.57,0.71,0.42,0.57,0.71,1.00,0.28,0.14,0.14,0.14",20,,
us,lady datejust sizes,luxury watch,,,,women rolex watches,90,27,0.00,0.44,185,Informational,"Image Pack, Site Links, Video, Image, People Also Ask, Related Searches, Video Carousel, Short Videos, AI Overview","1.00,1.00,0.81,0.81,0.63,0.81,0.63,1.00,0.63,0.63,0.63,0.81",20,,
us,rolex for girls,luxury watch,,,,women rolex watches,50,26,0.00,0.00,198,"Informational, Transactional","Image Pack, Site Links, Video, Image, People Also Ask, Popular Products, Related Searches, Short Videos","0.63,0.63,0.63,0.81,0.63,0.18,0.09,0.27,0.27,0.18,0.18,1.00",20,,
us,rolex gold date,luxury watch,,,,women rolex watches,90,21,1.85,1.00,195,"Informational, Commercial","Video, Image, Popular Products, Related Searches, AI Overview, Image Pack, Site Links","0.52,0.23,0.33,0.33,0.42,0.42,0.42,0.42,0.42,0.33,0.42,0.33",20,,
us,rolex quartz women's watch,luxury watch,,,,women rolex watches,70,26,0.65,0.69,184,Transactional,"Video Carousel, People Also Ask, Popular Products, Related Searches, Image Pack, Site Links, Video","0.14,0.14,0.18,0.14,0.14,0.14,0.02,0.14,0.10,0.14,0.10,0.10",20,,
us,small rolex watch womens,luxury watch,,,,women rolex watches,70,22,1.85,1.00,169,"Informational, Transactional","People Also Ask, Related Searches, Image Pack, Site Links, Video, Video Carousel","1.00,0.63,0.45,0.45,0.63,0.63,0.45,0.00,0.63,0.45,0.18,0.18",20,,
us,women's how much does a rolex cost,luxury watch,,,,women rolex watches,40,29,1.82,0.64,137,Informational,"Site Links, Video, People Also Ask, Related Searches","1.00,0.57,0.71,0.28,0.28,0.71,0.57,0.28,0.28,0.28,0.42,0.28",20,,
us,women's rolex gold watch,luxury watch,,,,women rolex watches,40,26,1.85,1.00,186,Transactional,"Site Links, Reviews, Video, Image, People Also Ask, Popular Products, Related Searches, Image Pack","0.50,0.14,1.00,0.00,0.14,0.50,0.50,0.14,0.28,0.00,0.07,0.35",20,,
us,women's rolex two tone,luxury watch,,,,women rolex watches,50,18,2.15,1.00,171,Transactional,"Site Links, Video, Image, Related Searches","0.36,0.36,0.63,0.63,0.45,0.63,0.63,0.81,0.36,0.27,0.63,0.45",20,,
us,womens silver and gold rolex,luxury watch,,,,women rolex watches,30,27,1.85,1.00,180,"Informational, Transactional","People Also Ask, Related Searches, Image Pack, Site Links, Video, Video Carousel","0.03,0.03,0.03,0.03,0.03,0.03,0.03,0.03,0.03,0.03,0.15,0.03",20,,
us,buy womens rolex,luxury watch,,,,women rolex watches,30,27,1.74,1.00,135,Transactional,"Popular Products, Related Searches, Local Pack, Site Links, Video, People Also Ask","0.07,0.07,0.07,0.07,0.07,0.07,0.07,0.07,0.07,0.07,0.07,0.11",20,,
us,diamond ladies rolex watches,luxury watch,,,,women rolex watches,90,18,1.46,1.00,6670000,Transactional,"AI Overview, Image Pack, Site Links, Video, Image, People Also Ask, Popular Products, Related Searches","0.00,1.00,0.00,0.00,0.00,0.01,0.01,0.00,0.01,0.00,0.00,0.00",20,,
us,how much is a womens rolex,luxury watch,,,,women rolex watches,40,22,2.01,0.98,126,Informational,"Site Links, Video, People Also Ask, Related Searches","0.29,0.29,0.17,0.23,0.17,0.11,0.23,0.29,0.11,0.11,0.05,0.17",20,,
us,ladies stainless rolex,luxury watch,,,,women rolex watches,70,22,1.85,1.00,192,Transactional,"Image, Related Searches, Image Pack, Site Links, Video","0.43,0.43,0.28,0.34,0.28,0.09,0.21,0.21,0.15,0.09,0.12,0.09",20,,
us,men's rolex oyster perpetual day date,luxury watch,,,,women rolex watches,90,21,1.27,1.00,168,Transactional,"Related Searches, Image Pack, Site Links, Video, Image, People Also Ask","1.00,0.81,1.00,0.63,0.63,1.00,0.81,0.81,0.18,0.81,0.27,0.27",20,,
us,men's rolex presidential day date,luxury watch,,,,women rolex watches,90,27,1.57,1.00,172,Transactional,"Video, People Also Ask, Popular Products, Related Searches, Site Links","1.00,1.00,1.00,1.00,0.36,0.63,1.00,1.00,0.09,0.81,0.81,0.81",20,,
us,mens rolex oyster perpetual day date,luxury watch,,,,women rolex watches,70,23,1.59,1.00,147,Informational,"Site Links, Reviews, Video, Image, People Also Ask, Related Searches, AI Overview","1.00,0.63,0.45,0.45,0.63,0.81,0.63,0.36,1.00,0.63,0.63,0.63",20,,
us,mini rolex for women,luxury watch,,,,women rolex watches,30,25,1.89,1.00,168,"Informational, Transactional","Image, Video Carousel, People Also Ask, Popular Products, Related Searches, Image Pack, Site Links, Video","0.28,0.28,0.28,0.28,0.28,0.28,0.28,0.57,0.28,0.28,0.28,0.28",20,,
us,mini rolex women's,luxury watch,,,,women rolex watches,70,25,1.93,1.00,15700000,"Informational, Transactional","Related Searches, Image Pack, Site Links, Video, Video Carousel, People Also Ask, Popular Products","0.52,0.29,0.29,0.52,0.41,0.64,0.64,0.82,0.82,0.64,0.82,1.00",20,,
us,presidential rolex day date,luxury watch,,,,women rolex watches,50,29,1.92,1.00,188,"Informational, Commercial","Image Pack, Site Links, Video, Image, People Also Ask, Popular Products, AI Overview","0.00,0.04,0.04,0.02,0.02,0.04,0.00,0.03,0.02,0.01,0.03,0.01",20,,
us,rolex 2 tone women's watch,luxury watch,,,,women rolex watches,50,20,1.85,1.00,195,Transactional,"Image Pack, Site Links, Video, Image, People Also Ask, Related Searches","0.35,0.14,0.14,0.14,0.14,0.14,1.00,1.00,0.64,0.14,0.14,0.14",20,,
us,rolex day and date watch,luxury watch,,,,women rolex watches,70,28,1.91,0.17,174,"Informational, Transactional","Image Pack, Site Links, Video, Image, Related Searches","1.00,0.42,1.00,0.80,0.11,0.03,0.00,0.00,0.00,0.00,0.03,0.03",20,,
us,rolex day date mens watches,luxury watch,,,,women rolex watches,70,27,1.59,0.53,33000000,Transactional,"Image Pack, Site Links, Video, Image, Popular Products, Related Searches","0.05,0.05,0.05,0.28,0.28,0.28,0.43,0.43,0.82,0.35,0.43,0.28",20,,
us,rolex girls watch,luxury watch,,,,women rolex watches,70,19,0.00,0.00,195,"Informational, Transactional","Video, Image, Video Carousel, People Also Ask, Popular Products, Related Searches, Image Pack, Site Links","0.64,0.64,0.64,0.64,0.14,0.14,0.64,0.78,0.21,0.21,0.50,0.07",20,,
us,rolex gold diamond watch,luxury watch,,,,women rolex watches,70,23,1.86,1.00,217,"Informational, Transactional","Video, Adwords Bottom, Video Carousel, People Also Ask, Related Searches, Image Pack, Site Links","0.06,0.04,0.10,0.14,0.14,0.22,0.29,0.29,0.04,0.10,0.08,0.04",20,,
us,rolex just lady,luxury watch,,,,women rolex watches,70,29,2.07,0.98,198,Transactional,"People Also Ask, Related Searches, Image Pack, Site Links, Video","1.00,1.00,1.00,0.45,0.18,0.63,0.63,0.63,0.63,0.63,0.63,1.00",20,,
us,rolex size women,luxury watch,,,,women rolex watches,30,29,1.70,1.00,189,Informational,"People Also Ask, Popular Products, Short Videos, Image Pack, Site Links, Video, Video Carousel, Related Searches, Adwords Middle","0.27,1.00,0.18,0.18,0.18,0.18,0.18,0.18,0.18,0.18,0.18,0.18",20,,
us,rolex small gold,luxury watch,,,,women rolex watches,70,18,1.86,1.00,205,"Informational, Transactional","Image Pack, Site Links, Video, Image, Video Carousel, People Also Ask, Related Searches","1.00,0.78,0.64,0.64,0.50,0.14,0.28,0.64,0.64,0.50,0.50,0.50",20,,
us,rolex watch for female,luxury watch,,,,women rolex watches,30,19,1.56,1.00,14500000,"Informational, Transactional","People Also Ask, Popular Products, Related Searches, Image Pack, Site Links, Video, Image, Video Carousel","0.00,0.00,0.18,0.63,0.18,0.36,0.36,0.09,0.00,0.00,0.00,0.00",20,,
us,rolex watch women datejust,luxury watch,,,,women rolex watches,40,26,1.68,1.00,205,Transactional,"Site Links, Video, Image, Video Carousel, People Also Ask, Related Searches","0.57,0.28,0.71,0.71,0.42,0.57,0.42,0.71,1.00,0.28,0.14,1.00",20,,
us,rolex women's watch for sale,luxury watch,,,,women rolex watches,50,23,0.48,0.98,139,Transactional,"Local Pack, Site Links, Video, People Also Ask, Related Searches, AI Overview","0.00,0.03,0.07,0.15,0.03,0.15,0.65,0.53,0.15,0.19,0.07,0.15",20,,
us,small rolex watch for women,luxury watch,,,,women rolex watches,70,21,1.46,1.00,39300000,Informational,"Video, Image, Video Carousel, People Also Ask, Related Searches, AI Overview, Image Pack, Site Links","0.11,0.23,0.64,0.41,0.11,0.64,0.64,0.82,1.00,0.64,0.82,0.82",20,,
us,small rolex watches,luxury watch,,,,women rolex watches,30,26,2.05,1.00,170,Transactional,"People Also Ask, Related Searches, Image Pack, Site Links, Video, Image, Adwords Bottom","1.00,0.50,0.07,0.14,0.00,0.07,0.00,0.07,0.00,0.00,0.00,0.07",20,,
us,womans rolex for sale,luxury watch,,,,women rolex watches,30,20,0.61,1.00,175,Transactional,"Local Pack, Site Links, Video, Image, People Also Ask, Related Searches","0.40,0.00,1.00,1.00,1.00,0.80,0.80,1.00,0.40,0.20,0.20,0.00",20,,
us,women rolex prices,luxury watch,,,,women rolex watches,40,28,1.89,1.00,149,Transactional,"Site Links, Video, Image, People Also Ask, Related Searches","0.07,1.00,0.19,0.19,0.26,0.03,0.00,0.07,0.00,0.03,0.00,0.00",20,,
us,women's rolex oyster perpetual date,luxury watch,,,,women rolex watches,40,26,1.66,1.00,150,"Informational, Navigational","Site Links, Video, Video Carousel, People Also Ask, Related Searches, AI Overview","0.02,0.00,0.02,0.02,0.02,0.02,0.02,0.00,0.00,0.02,0.01,0.00",20,,
us,women's rolex perpetual datejust,luxury watch,,,,women rolex watches,30,29,1.45,1.00,195,"Informational, Transactional","Site Links, Video, Video Carousel, People Also Ask, Popular Products, Related Searches, Image Pack","0.27,1.00,0.27,0.09,0.09,0.09,0.09,0.00,0.00,0.00,0.09,0.18",20,,
us,womens rolex under $5000,luxury watch,,,,women rolex watches,50,15,0.39,1.00,1720000,"Informational, Commercial","Site Links, Video, Image, People Also Ask, Popular Products, Related Searches, AI Overview, Image Pack","0.53,0.19,0.07,0.03,0.07,0.03,1.00,0.07,0.07,0.03,0.00,0.00",20,,
us,2 tone rolex day date,luxury watch,,,,women rolex watches,50,20,1.69,1.00,184,Informational,"AI Overview, Image Pack, Site Links, Video, People Also Ask, Popular Products, Related Searches, Discussions And Forums","0.63,0.63,0.63,0.45,0.45,0.27,0.27,0.27,0.36,0.63,0.45,0.45",20,,
us,gold and silver rolex women's,luxury watch,,,,women rolex watches,50,18,1.46,1.00,193,"Informational, Transactional","People Also Ask, Popular Products, Related Searches, Image Pack, Site Links, Video, Image, Video Carousel","0.81,0.36,0.45,0.63,0.63,0.45,0.36,0.81,0.63,0.45,0.63,0.63",20,,
us,gold watch women rolex,luxury watch,,,,women rolex watches,50,25,1.46,0.68,189,Transactional,"Video, Image, Video Carousel, People Also Ask, Popular Products, Related Searches, Site Links","0.02,0.00,0.02,0.10,0.02,0.02,0.10,0.00,0.00,0.02,0.05,0.02",20,,
us,gold women rolex watch,luxury watch,,,,women rolex watches,50,21,1.45,1.00,199,Transactional,"Image, People Also Ask, Popular Products, Related Searches, Short Videos, Image Pack, Site Links, Video","0.11,0.05,1.00,0.00,0.05,0.29,0.23,0.11,0.00,0.17,0.05,0.00",20,,
us,how much are rolex watches for women,luxury watch,,,,women rolex watches,70,26,1.07,0.95,154,Informational,"Reviews, Video, Image, People Also Ask, Related Searches, AI Overview, Site Links","0.00,0.00,0.50,0.50,0.50,0.50,0.64,1.00,0.78,0.50,0.78,0.78",20,,
us,ladies oyster datejust rolex,luxury watch,,,,women rolex watches,90,20,1.65,1.00,203,"Informational, Transactional","Related Searches, Image Pack, Site Links, Video, Video Carousel, People Also Ask, Popular Products","1.00,1.00,0.35,0.50,0.50,0.64,0.78,0.78,0.64,0.50,0.50,0.78",20,,
us,ladies rolex oyster perpetual datejust gold,luxury watch,,,,women rolex watches,50,27,1.03,1.00,151,Transactional,"Video, People Also Ask, Popular Products, Related Searches, Site Links, Reviews","1.00,1.00,0.18,0.18,0.63,0.18,0.18,0.18,0.18,0.18,0.18,0.18",20,,
us,ladies rolex two tone,luxury watch,,,,women rolex watches,90,26,1.90,1.00,188,"Informational, Transactional","Related Searches, Image Pack, Site Links, Video, Image","0.02,0.01,0.02,0.02,0.01,0.01,0.01,0.01,0.01,0.01,0.00,0.01",20,,
us,ladies rolex watches white gold,luxury watch,,,,women rolex watches,90,24,1.45,1.00,218,Transactional,"Image, People Also Ask, Popular Products, Related Searches, Image Pack, Site Links, Video","1.00,1.00,0.64,0.64,0.50,0.64,0.35,0.64,0.78,0.50,0.64,0.50",20,,
us,new rolex president,luxury watch,,,,women rolex watches,30,25,1.49,0.99,169,"Informational, Commercial","Video, Video Carousel, People Also Ask, Popular Products, Related Searches, AI Overview, Image Pack, Site Links","0.28,0.42,0.42,0.00,0.57,0.00,0.28,0.42,0.42,0.42,0.00,1.00",20,,
us,price of women's rolex watches,luxury watch,,,,women rolex watches,40,28,1.74,1.00,152,Transactional,"AI Overview, Image Pack, Site Links, Video, People Also Ask, Popular Products, Related Searches","1.00,0.02,0.05,0.02,0.02,0.17,0.02,0.07,0.23,0.43,0.07,0.28",20,,
us,rolex for women for sale,luxury watch,,,,women rolex watches,40,23,0.50,1.00,29900000,Transactional,"People Also Ask, Popular Products, Related Searches, Local Pack, Site Links, Video, Image","0.03,0.20,0.01,0.00,0.00,0.00,0.03,0.00,0.00,0.00,0.00,0.00",20,,
us,rolex ladies date,luxury watch,,,,women rolex watches,50,24,1.63,1.00,174,"Informational, Commercial","Site Links, Popular Products, Related Searches, AI Overview","0.00,0.35,0.78,1.00,0.00,0.21,0.35,0.64,0.07,0.00,0.07,0.00",20,,
us,rolex oyster perpetual lady,luxury watch,,,,women rolex watches,70,29,0.61,1.00,194,Transactional,"Image, People Also Ask, Popular Products, Related Searches, Short Videos, Image Pack, Site Links, Video","1.00,0.53,0.17,0.07,0.05,0.02,0.00,0.02,0.00,0.00,0.02,0.02",20,,
us,rolex oyster women,luxury watch,,,,women rolex watches,50,21,0.66,1.00,191,Informational,"Site Links, Video, Image, People Also Ask, Popular Products, Related Searches, Image Pack","0.33,0.33,0.42,0.33,0.19,0.23,0.14,0.23,0.42,0.14,0.19,0.33",20,,
us,rolex silver and gold ladies,luxury watch,,,,women rolex watches,90,21,1.46,1.00,9810000,Transactional,"Related Searches, Image Pack, Site Links, Video, Image, Video Carousel, People Also Ask, Popular Products","0.52,0.19,0.09,0.19,0.33,0.33,0.42,0.66,0.33,0.42,0.42,0.33",20,,
us,rolex vintage woman,luxury watch,,,,women rolex watches,70,23,0.34,1.00,189,"Informational, Transactional","Site Links, Video, Image, People Also Ask, Related Searches, Image Pack","0.00,1.00,0.00,0.00,0.00,0.00,0.00,0.00,0.00,0.00,0.00,0.00",20,,
us,rolex women price,luxury watch,,,,women rolex watches,50,26,2.08,1.00,161,"Navigational, Transactional","Site Links, Video, Image, Adwords Bottom, People Also Ask, Related Searches, Image Pack","0.45,0.27,0.45,0.36,1.00,0.45,0.63,0.45,0.27,0.36,0.27,0.27",20,,
us,rolex women's sizes,luxury watch,,,,women rolex watches,50,19,1.57,1.00,24500000,Informational,"Site Links, Video, Image, People Also Ask, Related Searches, Image Pack","0.00,0.00,0.52,0.64,0.64,0.11,0.00,0.82,0.82,0.64,0.64,0.82",20,,
us,rolex women's watches for sale,luxury watch,,,,women rolex watches,50,22,0.41,1.00,152,Transactional,"Site Links, Reviews, Video, Image, People Also Ask, Popular Products, Related Searches, Local Pack","0.00,0.64,0.23,0.29,0.29,0.23,0.00,1.00,0.41,0.29,0.41,0.29",20,,
us,rolex womens date just,luxury watch,,,,women rolex watches,30,28,1.73,1.00,142,Transactional,"Popular Products, Related Searches, Image Pack, Site Links, Video, Image","0.00,0.00,0.00,0.00,0.00,0.00,0.01,0.00,0.01,0.00,0.00,0.00",20,,
us,two tone rolex day date,luxury watch,,,,women rolex watches,50,25,0.56,1.00,181,Informational,"Site Links, Video, Image, Video Carousel, People Also Ask, Related Searches, Discussions And Forums, Image Pack","1.00,0.71,0.57,1.00,0.14,1.00,0.42,1.00,1.00,0.28,0.57,0.42",20,,
us,watches rolex women,luxury watch,,,,women rolex watches,50,28,1.56,1.00,46100000,Informational,"Site Links, Video, Image, Adwords Bottom, People Also Ask, Related Searches, Local Pack","0.02,0.03,0.03,0.03,0.01,0.05,0.01,0.03,1.00,0.01,0.00,0.01",20,,
us,women rolex for sale,luxury watch,,,,women rolex watches,70,22,0.34,1.00,159,Transactional,"Site Links, Reviews, Video, Image, Related Searches, Local Pack","0.23,0.19,0.33,0.33,0.23,0.23,0.52,0.52,0.14,0.09,0.33,0.23",20,,
us,women's 36mm rolex,luxury watch,,,,women rolex watches,90,15,1.85,1.00,170,"Informational, Commercial","Video, Image, People Also Ask, Popular Products, Related Searches, AI Overview, Site Links","0.42,0.42,0.80,0.65,0.53,0.42,0.42,0.11,0.07,0.07,0.07,0.07",20,,
us,women's rolex on wrist,luxury watch,,,,women rolex watches,30,18,1.60,1.00,14900000,"Informational, Transactional","Popular Products, Related Searches, Image Pack, Site Links, Video, Image, Video Carousel, People Also Ask","0.09,0.09,0.14,0.33,0.14,0.04,0.00,0.14,0.14,1.00,0.23,0.42",20,,
us,women's rolex small,luxury watch,,,,women rolex watches,50,22,1.82,1.00,181,Transactional,"Video, Image, People Also Ask, Popular Products, Related Searches, Image Pack, Site Links","0.63,0.63,1.00,0.81,0.18,0.18,0.18,0.18,0.18,0.18,0.18,0.18",20,,
us,women's rolex watch sizes,luxury watch,,,,women rolex watches,90,24,1.45,1.00,177,Informational,"Image Pack, Site Links, Video, Image, People Also Ask, Related Searches","0.42,0.52,0.42,0.42,0.33,0.52,0.00,0.42,0.33,0.33,0.42,0.52",20,,
us,womens rolex date just,luxury watch,,,,women rolex watches,40,26,1.68,1.00,205,Transactional,"Video, Image, People Also Ask, Related Searches, Site Links","0.11,0.08,0.11,0.08,0.05,0.06,0.06,0.03,0.06,0.06,0.01,0.08",20,,
us,womens rolex oyster perpetual,luxury watch,,,,women rolex watches,50,23,0.59,1.00,196,Transactional,"People Also Ask, Related Searches, Site Links, Video, Video Carousel","0.12,0.07,0.01,0.01,0.03,0.02,0.02,0.01,0.10,0.15,0.04,0.07",20,,
us,womens rolex perpetual,luxury watch,,,,women rolex watches,30,23,0.87,1.00,6250000,Transactional,"People Also Ask, Popular Products, Related Searches, Image Pack, Site Links, Video, Image","1.00,0.18,0.18,0.18,0.18,0.18,0.18,0.18,0.18,0.18,0.18,0.18",20,,
us,womens rolex watches prices,luxury watch,,,,women rolex watches,30,22,1.74,1.00,34100000,Transactional,"Related Searches, AI Overview, Site Links, Video, Image, People Also Ask, Popular Products","0.33,0.22,0.77,0.55,0.44,0.11,0.00,0.11,0.00,0.00,0.00,0.00",20,,
us,womens rolex with diamonds,luxury watch,,,,women rolex watches,40,23,1.46,1.00,177,Transactional,"Video, Image, People Also Ask, Related Searches, Image Pack, Site Links","0.19,0.14,0.33,0.19,0.14,0.04,0.19,0.33,0.33,0.23,0.19,0.14",20,,
us,28mm rolex lady datejust,luxury watch,,,,women rolex watches,70,27,1.04,1.00,833000,"Informational, Transactional","People Also Ask, Related Searches, AI Overview, Knowledge Panel, Site Links, Video, Image, Video Carousel","0.09,0.09,0.52,0.52,0.52,0.52,0.52,0.66,0.52,0.52,0.66,0.66",20,,
us,cheapest women's rolex,luxury watch,,,,women rolex watches,40,26,0.39,1.00,143,"Informational, Commercial","Site Links, Video, People Also Ask, Related Searches, AI Overview","0.63,0.45,0.63,0.63,0.63,0.36,0.45,0.09,0.00,0.09,0.09,0.09",20,,
us,datejust ladies rolex,luxury watch,,,,women rolex watches,50,29,2.07,1.00,164,"Informational, Transactional","Image Pack, Site Links, Video, Video Carousel, People Also Ask, Related Searches","0.00,0.00,1.00,0.00,0.00,0.00,0.00,0.00,0.00,0.01,0.00,0.00",20,,
us,gold and diamond ladies rolex,luxury watch,,,,women rolex watches,90,26,1.86,1.00,157,Transactional,"People Also Ask, Popular Products, Related Searches, AI Overview, Site Links, Video, Video Carousel","0.78,0.64,0.50,0.64,0.78,0.50,0.78,1.00,0.78,0.50,0.78,0.78",20,,
us,gold rolex women's watch,luxury watch,,,,women rolex watches,50,29,1.46,0.68,189,Transactional,"Video Carousel, People Also Ask, Popular Products, Related Searches, Site Links, Video, Image","0.04,0.01,0.36,0.04,0.01,0.00,0.01,0.04,0.09,0.23,0.05,0.00",20,,
